CodeValue,ValueLabel,file,year
A,Not applicable,EAP2004,2004
B,Institution left item blank,EAP2004,2004
C,Analyst corrected reported value,EAP2004,2004
D,Do not know,EAP2004,2004
G,Data generated from other data values,EAP2004,2004
H,Value not derived - data not usable,EAP2004,2004
J,Logical imputation,EAP2004,2004
K,Ratio adjustment,EAP2004,2004
L,Imputed using the Group Median procedure,EAP2004,2004
N,Imputed using Nearest Neighbor procedure,EAP2004,2004
P,Imputed using Carry Forward procedure,EAP2004,2004
R,Reported,EAP2004,2004
Z,Implied zero;,EAP2004,2004
A,Not applicable,EF2004A,2004
B,Institution left item blank,EF2004A,2004
C,Analyst corrected reported value,EF2004A,2004
D,Do not know,EF2004A,2004
G,Data generated from other data values,EF2004A,2004
H,Value not derived - data not usable,EF2004A,2004
J,Logical imputation,EF2004A,2004
K,Ratio adjustment,EF2004A,2004
L,Imputed using the Group Median procedure,EF2004A,2004
N,Imputed using Nearest Neighbor procedure,EF2004A,2004
P,Imputed using Carry Forward procedure,EF2004A,2004
R,Reported,EF2004A,2004
Z,Implied zero;,EF2004A,2004
A,Not applicable,EF2004B,2004
B,Institution left item blank,EF2004B,2004
C,Analyst corrected reported value,EF2004B,2004
D,Do not know,EF2004B,2004
G,Data generated from other data values,EF2004B,2004
H,Value not derived - data not usable,EF2004B,2004
J,Logical imputation,EF2004B,2004
K,Ratio adjustment,EF2004B,2004
L,Imputed using the Group Median procedure,EF2004B,2004
N,Imputed using Nearest Neighbor procedure,EF2004B,2004
P,Imputed using Carry Forward procedure,EF2004B,2004
R,Reported,EF2004B,2004
Z,Implied zero;,EF2004B,2004
A,Not applicable,EF2004C,2004
B,Institution left item blank,EF2004C,2004
C,Analyst corrected reported value,EF2004C,2004
D,Do not know,EF2004C,2004
G,Data generated from other data values,EF2004C,2004
H,Value not derived - data not usable,EF2004C,2004
J,Logical imputation,EF2004C,2004
K,Ratio adjustment,EF2004C,2004
L,Imputed using the Group Median procedure,EF2004C,2004
N,Imputed using Nearest Neighbor procedure,EF2004C,2004
P,Imputed using Carry Forward procedure,EF2004C,2004
R,Reported,EF2004C,2004
Z,Implied zero;,EF2004C,2004
A,Not applicable,EF2004CP,2004
B,Institution left item blank,EF2004CP,2004
C,Analyst corrected reported value,EF2004CP,2004
D,Do not know,EF2004CP,2004
G,Data generated from other data values,EF2004CP,2004
H,Value not derived - data not usable,EF2004CP,2004
J,Logical imputation,EF2004CP,2004
K,Ratio adjustment,EF2004CP,2004
L,Imputed using the Group Median procedure,EF2004CP,2004
N,Imputed using Nearest Neighbor procedure,EF2004CP,2004
P,Imputed using Carry Forward procedure,EF2004CP,2004
R,Reported,EF2004CP,2004
Z,Implied zero;,EF2004CP,2004
A,Not applicable,EF2004D,2004
B,Institution left item blank,EF2004D,2004
C,Analyst corrected reported value,EF2004D,2004
D,Do not know,EF2004D,2004
G,Data generated from other data values,EF2004D,2004
H,Value not derived - data not usable,EF2004D,2004
J,Logical imputation,EF2004D,2004
K,Ratio adjustment,EF2004D,2004
L,Imputed using the Group Median procedure,EF2004D,2004
N,Imputed using Nearest Neighbor procedure,EF2004D,2004
P,Imputed using Carry Forward procedure,EF2004D,2004
R,Reported,EF2004D,2004
Z,Implied zero;,EF2004D,2004
A,Not applicable,EFFY2004,2004
B,Institution left item blank,EFFY2004,2004
C,Analyst corrected reported value,EFFY2004,2004
D,Do not know,EFFY2004,2004
G,Data generated from other data values,EFFY2004,2004
H,Value not derived - data not usable,EFFY2004,2004
J,Logical imputation,EFFY2004,2004
K,Ratio adjustment,EFFY2004,2004
L,Imputed using the Group Median procedure,EFFY2004,2004
N,Imputed using Nearest Neighbor procedure,EFFY2004,2004
P,Imputed using Carry Forward procedure,EFFY2004,2004
R,Reported,EFFY2004,2004
Z,Implied zero;,EFFY2004,2004
A,Not applicable,EFIA2004,2004
B,Institution left item blank,EFIA2004,2004
C,Analyst corrected reported value,EFIA2004,2004
D,Do not know,EFIA2004,2004
G,Data generated from other data values,EFIA2004,2004
H,Value not derived - data not usable,EFIA2004,2004
J,Logical imputation,EFIA2004,2004
K,Ratio adjustment,EFIA2004,2004
L,Imputed using the Group Median procedure,EFIA2004,2004
N,Imputed using Nearest Neighbor procedure,EFIA2004,2004
P,Imputed using Carry Forward procedure,EFIA2004,2004
R,Reported,EFIA2004,2004
Z,Implied zero;,EFIA2004,2004
A,Not applicable,F0304_F1A,2004
B,Institution left item blank,F0304_F1A,2004
C,Analyst corrected reported value,F0304_F1A,2004
D,Do not know,F0304_F1A,2004
G,Data generated from other data values,F0304_F1A,2004
H,Value not derived - data not usable,F0304_F1A,2004
J,Logical imputation,F0304_F1A,2004
K,Ratio adjustment,F0304_F1A,2004
L,Imputed using the Group Median procedure,F0304_F1A,2004
N,Imputed using Nearest Neighbor procedure,F0304_F1A,2004
P,Imputed using Carry Forward procedure,F0304_F1A,2004
R,Reported,F0304_F1A,2004
Z,Implied zero;,F0304_F1A,2004
A,Not applicable,F0304_F1A_G,2004
B,Institution left item blank,F0304_F1A_G,2004
C,Analyst corrected reported value,F0304_F1A_G,2004
D,Do not know,F0304_F1A_G,2004
G,Data generated from other data values,F0304_F1A_G,2004
H,Value not derived - data not usable,F0304_F1A_G,2004
J,Logical imputation,F0304_F1A_G,2004
K,Ratio adjustment,F0304_F1A_G,2004
L,Imputed using the Group Median procedure,F0304_F1A_G,2004
N,Imputed using Nearest Neighbor procedure,F0304_F1A_G,2004
P,Imputed using Carry Forward procedure,F0304_F1A_G,2004
R,Reported,F0304_F1A_G,2004
Z,Implied zero;,F0304_F1A_G,2004
A,Not applicable,F0304_F2,2004
B,Institution left item blank,F0304_F2,2004
C,Analyst corrected reported value,F0304_F2,2004
D,Do not know,F0304_F2,2004
G,Data generated from other data values,F0304_F2,2004
H,Value not derived - data not usable,F0304_F2,2004
J,Logical imputation,F0304_F2,2004
K,Ratio adjustment,F0304_F2,2004
L,Imputed using the Group Median procedure,F0304_F2,2004
N,Imputed using Nearest Neighbor procedure,F0304_F2,2004
P,Imputed using Carry Forward procedure,F0304_F2,2004
R,Reported,F0304_F2,2004
Z,Implied zero;,F0304_F2,2004
A,Not applicable,F0304_F3,2004
B,Institution left item blank,F0304_F3,2004
C,Analyst corrected reported value,F0304_F3,2004
D,Do not know,F0304_F3,2004
G,Data generated from other data values,F0304_F3,2004
H,Value not derived - data not usable,F0304_F3,2004
J,Logical imputation,F0304_F3,2004
K,Ratio adjustment,F0304_F3,2004
L,Imputed using the Group Median procedure,F0304_F3,2004
N,Imputed using Nearest Neighbor procedure,F0304_F3,2004
P,Imputed using Carry Forward procedure,F0304_F3,2004
R,Reported,F0304_F3,2004
Z,Implied zero;,F0304_F3,2004
A,Not applicable,GR2004_ATH_AID,2004
B,Institution left item blank,GR2004_ATH_AID,2004
C,Analyst corrected reported value,GR2004_ATH_AID,2004
D,Do not know,GR2004_ATH_AID,2004
G,Data generated from other data values,GR2004_ATH_AID,2004
H,Value not derived - data not usable,GR2004_ATH_AID,2004
J,Logical imputation,GR2004_ATH_AID,2004
K,Ratio adjustment,GR2004_ATH_AID,2004
L,Imputed using the Group Median procedure,GR2004_ATH_AID,2004
N,Imputed using Nearest Neighbor procedure,GR2004_ATH_AID,2004
P,Imputed using Carry Forward procedure,GR2004_ATH_AID,2004
R,Reported,GR2004_ATH_AID,2004
Z,Implied zero;,GR2004_ATH_AID,2004
A,Not applicable,GR2004,2004
B,Institution left item blank,GR2004,2004
C,Analyst corrected reported value,GR2004,2004
D,Do not know,GR2004,2004
G,Data generated from other data values,GR2004,2004
H,Value not derived - data not usable,GR2004,2004
J,Logical imputation,GR2004,2004
K,Ratio adjustment,GR2004,2004
L,Imputed using the Group Median procedure,GR2004,2004
N,Imputed using Nearest Neighbor procedure,GR2004,2004
P,Imputed using Carry Forward procedure,GR2004,2004
R,Reported,GR2004,2004
Z,Implied zero;,GR2004,2004
A,Not applicable,GR2004_L2,2004
B,Institution left item blank,GR2004_L2,2004
C,Analyst corrected reported value,GR2004_L2,2004
D,Do not know,GR2004_L2,2004
G,Data generated from other data values,GR2004_L2,2004
H,Value not derived - data not usable,GR2004_L2,2004
J,Logical imputation,GR2004_L2,2004
K,Ratio adjustment,GR2004_L2,2004
L,Imputed using the Group Median procedure,GR2004_L2,2004
N,Imputed using Nearest Neighbor procedure,GR2004_L2,2004
P,Imputed using Carry Forward procedure,GR2004_L2,2004
R,Reported,GR2004_L2,2004
Z,Implied zero;,GR2004_L2,2004
A,Not applicable,GR2004ATH,2004
B,Institution left item blank,GR2004ATH,2004
C,Analyst corrected reported value,GR2004ATH,2004
D,Do not know,GR2004ATH,2004
G,Data generated from other data values,GR2004ATH,2004
H,Value not derived - data not usable,GR2004ATH,2004
J,Logical imputation,GR2004ATH,2004
K,Ratio adjustment,GR2004ATH,2004
L,Imputed using the Group Median procedure,GR2004ATH,2004
N,Imputed using Nearest Neighbor procedure,GR2004ATH,2004
P,Imputed using Carry Forward procedure,GR2004ATH,2004
R,Reported,GR2004ATH,2004
Z,Implied zero;,GR2004ATH,2004
A,Not applicable,IC2004_AY,2004
B,Institution left item blank,IC2004_AY,2004
C,Analyst corrected reported value,IC2004_AY,2004
D,Do not know,IC2004_AY,2004
G,Data generated from other data values,IC2004_AY,2004
H,Value not derived - data not usable,IC2004_AY,2004
J,Logical imputation,IC2004_AY,2004
K,Ratio adjustment,IC2004_AY,2004
L,Imputed using the Group Median procedure,IC2004_AY,2004
N,Imputed using Nearest Neighbor procedure,IC2004_AY,2004
P,Imputed using Carry Forward procedure,IC2004_AY,2004
R,Reported,IC2004_AY,2004
Y,Particular Doctor's professional practice field not applicable,IC2004_AY,2004
Z,Implied zero;,IC2004_AY,2004
A,Not applicable,IC2004,2004
B,Institution left item blank,IC2004,2004
C,Analyst corrected reported value,IC2004,2004
D,Do not know,IC2004,2004
G,Data generated from other data values,IC2004,2004
H,Value not derived - data not usable,IC2004,2004
J,Logical imputation,IC2004,2004
K,Ratio adjustment,IC2004,2004
L,Imputed using the Group Median procedure,IC2004,2004
N,Imputed using Nearest Neighbor procedure,IC2004,2004
P,Imputed using Carry Forward procedure,IC2004,2004
R,Reported,IC2004,2004
Z,Implied zero;,IC2004,2004
A,Not applicable,IC2004_PY,2004
B,Institution left item blank,IC2004_PY,2004
C,Analyst corrected reported value,IC2004_PY,2004
D,Do not know,IC2004_PY,2004
G,Data generated from other data values,IC2004_PY,2004
H,Value not derived - data not usable,IC2004_PY,2004
J,Logical imputation,IC2004_PY,2004
K,Ratio adjustment,IC2004_PY,2004
L,Imputed using the Group Median procedure,IC2004_PY,2004
N,Imputed using Nearest Neighbor procedure,IC2004_PY,2004
P,Imputed using Carry Forward procedure,IC2004_PY,2004
R,Reported,IC2004_PY,2004
Z,Implied zero;,IC2004_PY,2004
A,Not applicable,S2004_ABD,2004
B,Institution left item blank,S2004_ABD,2004
C,Analyst corrected reported value,S2004_ABD,2004
D,Do not know,S2004_ABD,2004
G,Data generated from other data values,S2004_ABD,2004
H,Value not derived - data not usable,S2004_ABD,2004
J,Logical imputation,S2004_ABD,2004
K,Ratio adjustment,S2004_ABD,2004
L,Imputed using the Group Median procedure,S2004_ABD,2004
N,Imputed using Nearest Neighbor procedure,S2004_ABD,2004
P,Imputed using Carry Forward procedure,S2004_ABD,2004
R,Reported,S2004_ABD,2004
Z,Implied zero;,S2004_ABD,2004
A,Not applicable,S2004_CN,2004
B,Institution left item blank,S2004_CN,2004
C,Analyst corrected reported value,S2004_CN,2004
D,Do not know,S2004_CN,2004
G,Data generated from other data values,S2004_CN,2004
H,Value not derived - data not usable,S2004_CN,2004
J,Logical imputation,S2004_CN,2004
K,Ratio adjustment,S2004_CN,2004
L,Imputed using the Group Median procedure,S2004_CN,2004
N,Imputed using Nearest Neighbor procedure,S2004_CN,2004
P,Imputed using Carry Forward procedure,S2004_CN,2004
R,Reported,S2004_CN,2004
Z,Implied zero;,S2004_CN,2004
A,Not applicable,S2004_F,2004
B,Institution left item blank,S2004_F,2004
C,Analyst corrected reported value,S2004_F,2004
D,Do not know,S2004_F,2004
G,Data generated from other data values,S2004_F,2004
H,Value not derived - data not usable,S2004_F,2004
J,Logical imputation,S2004_F,2004
K,Ratio adjustment,S2004_F,2004
L,Imputed using the Group Median procedure,S2004_F,2004
N,Imputed using Nearest Neighbor procedure,S2004_F,2004
P,Imputed using Carry Forward procedure,S2004_F,2004
R,Reported,S2004_F,2004
Z,Implied zero;,S2004_F,2004
A,Not applicable,S2004_G,2004
B,Institution left item blank,S2004_G,2004
C,Analyst corrected reported value,S2004_G,2004
D,Do not know,S2004_G,2004
G,Data generated from other data values,S2004_G,2004
H,Value not derived - data not usable,S2004_G,2004
J,Logical imputation,S2004_G,2004
K,Ratio adjustment,S2004_G,2004
L,Imputed using the Group Median procedure,S2004_G,2004
N,Imputed using Nearest Neighbor procedure,S2004_G,2004
P,Imputed using Carry Forward procedure,S2004_G,2004
R,Reported,S2004_G,2004
Z,Implied zero;,S2004_G,2004
A,Not applicable,SAL2004_A,2004
B,Institution left item blank,SAL2004_A,2004
C,Analyst corrected reported value,SAL2004_A,2004
D,Do not know,SAL2004_A,2004
G,Data generated from other data values,SAL2004_A,2004
H,Value not derived - data not usable,SAL2004_A,2004
J,Logical imputation,SAL2004_A,2004
K,Ratio adjustment,SAL2004_A,2004
L,Imputed using the Group Median procedure,SAL2004_A,2004
N,Imputed using Nearest Neighbor procedure,SAL2004_A,2004
P,Imputed using Carry Forward procedure,SAL2004_A,2004
R,Reported,SAL2004_A,2004
Z,Implied zero;,SAL2004_A,2004
A,Not applicable,SAL2004_B,2004
B,Institution left item blank,SAL2004_B,2004
C,Analyst corrected reported value,SAL2004_B,2004
D,Do not know,SAL2004_B,2004
G,Data generated from other data values,SAL2004_B,2004
H,Value not derived - data not usable,SAL2004_B,2004
J,Logical imputation,SAL2004_B,2004
K,Ratio adjustment,SAL2004_B,2004
L,Imputed using the Group Median procedure,SAL2004_B,2004
N,Imputed using Nearest Neighbor procedure,SAL2004_B,2004
P,Imputed using Carry Forward procedure,SAL2004_B,2004
R,Reported,SAL2004_B,2004
Z,Implied zero;,SAL2004_B,2004
A,Not applicable,SFA0304,2004
B,Institution left item blank,SFA0304,2004
C,Analyst corrected reported value,SFA0304,2004
D,Do not know,SFA0304,2004
G,Data generated from other data values,SFA0304,2004
H,Value not derived - data not usable,SFA0304,2004
J,Logical imputation,SFA0304,2004
K,Ratio adjustment,SFA0304,2004
L,Imputed using the Group Median procedure,SFA0304,2004
N,Imputed using Nearest Neighbor procedure,SFA0304,2004
P,Imputed using Carry Forward procedure,SFA0304,2004
R,Reported,SFA0304,2004
Z,Implied zero;,SFA0304,2004
A,Not applicable,EAP2005,2005
B,Institution left item blank,EAP2005,2005
C,Analyst corrected reported value,EAP2005,2005
D,Do not know,EAP2005,2005
G,Data generated from other data values,EAP2005,2005
H,Value not derived - data not usable,EAP2005,2005
J,Logical imputation,EAP2005,2005
K,Ratio adjustment,EAP2005,2005
L,Imputed using the Group Median procedure,EAP2005,2005
N,Imputed using Nearest Neighbor procedure,EAP2005,2005
P,Imputed using Carry Forward procedure,EAP2005,2005
R,Reported,EAP2005,2005
Z,Implied zero;,EAP2005,2005
A,Not applicable,EF2005A,2005
B,Institution left item blank,EF2005A,2005
C,Analyst corrected reported value,EF2005A,2005
D,Do not know,EF2005A,2005
G,Data generated from other data values,EF2005A,2005
H,Value not derived - data not usable,EF2005A,2005
J,Logical imputation,EF2005A,2005
K,Ratio adjustment,EF2005A,2005
L,Imputed using the Group Median procedure,EF2005A,2005
N,Imputed using Nearest Neighbor procedure,EF2005A,2005
P,Imputed using Carry Forward procedure,EF2005A,2005
R,Reported,EF2005A,2005
Z,Implied zero;,EF2005A,2005
A,Not applicable,EF2005B,2005
B,Institution left item blank,EF2005B,2005
C,Analyst corrected reported value,EF2005B,2005
D,Do not know,EF2005B,2005
G,Data generated from other data values,EF2005B,2005
H,Value not derived - data not usable,EF2005B,2005
J,Logical imputation,EF2005B,2005
K,Ratio adjustment,EF2005B,2005
L,Imputed using the Group Median procedure,EF2005B,2005
N,Imputed using Nearest Neighbor procedure,EF2005B,2005
P,Imputed using Carry Forward procedure,EF2005B,2005
R,Reported,EF2005B,2005
Z,Implied zero;,EF2005B,2005
A,Not applicable,EF2005C,2005
B,Institution left item blank,EF2005C,2005
C,Analyst corrected reported value,EF2005C,2005
D,Do not know,EF2005C,2005
G,Data generated from other data values,EF2005C,2005
H,Value not derived - data not usable,EF2005C,2005
J,Logical imputation,EF2005C,2005
K,Ratio adjustment,EF2005C,2005
L,Imputed using the Group Median procedure,EF2005C,2005
N,Imputed using Nearest Neighbor procedure,EF2005C,2005
P,Imputed using Carry Forward procedure,EF2005C,2005
R,Reported,EF2005C,2005
Z,Implied zero;,EF2005C,2005
A,Not applicable,EF2005D,2005
B,Institution left item blank,EF2005D,2005
C,Analyst corrected reported value,EF2005D,2005
D,Do not know,EF2005D,2005
G,Data generated from other data values,EF2005D,2005
H,Value not derived - data not usable,EF2005D,2005
J,Logical imputation,EF2005D,2005
K,Ratio adjustment,EF2005D,2005
L,Imputed using the Group Median procedure,EF2005D,2005
N,Imputed using Nearest Neighbor procedure,EF2005D,2005
P,Imputed using Carry Forward procedure,EF2005D,2005
R,Reported,EF2005D,2005
Z,Implied zero;,EF2005D,2005
A,Not applicable,EFFY2005,2005
B,Institution left item blank,EFFY2005,2005
C,Analyst corrected reported value,EFFY2005,2005
D,Do not know,EFFY2005,2005
G,Data generated from other data values,EFFY2005,2005
H,Value not derived - data not usable,EFFY2005,2005
J,Logical imputation,EFFY2005,2005
K,Ratio adjustment,EFFY2005,2005
L,Imputed using the Group Median procedure,EFFY2005,2005
N,Imputed using Nearest Neighbor procedure,EFFY2005,2005
P,Imputed using Carry Forward procedure,EFFY2005,2005
R,Reported,EFFY2005,2005
Z,Implied zero;,EFFY2005,2005
A,Not applicable,EFIA2005,2005
B,Institution left item blank,EFIA2005,2005
C,Analyst corrected reported value,EFIA2005,2005
D,Do not know,EFIA2005,2005
G,Data generated from other data values,EFIA2005,2005
H,Value not derived - data not usable,EFIA2005,2005
J,Logical imputation,EFIA2005,2005
K,Ratio adjustment,EFIA2005,2005
L,Imputed using the Group Median procedure,EFIA2005,2005
N,Imputed using Nearest Neighbor procedure,EFIA2005,2005
P,Imputed using Carry Forward procedure,EFIA2005,2005
R,Reported,EFIA2005,2005
Z,Implied zero;,EFIA2005,2005
A,Not applicable,F0405_F1A,2005
B,Institution left item blank,F0405_F1A,2005
C,Analyst corrected reported value,F0405_F1A,2005
D,Do not know,F0405_F1A,2005
G,Data generated from other data values,F0405_F1A,2005
H,Value not derived - data not usable,F0405_F1A,2005
J,Logical imputation,F0405_F1A,2005
K,Ratio adjustment,F0405_F1A,2005
L,Imputed using the Group Median procedure,F0405_F1A,2005
N,Imputed using Nearest Neighbor procedure,F0405_F1A,2005
P,Imputed using Carry Forward procedure,F0405_F1A,2005
R,Reported,F0405_F1A,2005
Z,Implied zero;,F0405_F1A,2005
A,Not applicable,F0405_F1A_G,2005
B,Institution left item blank,F0405_F1A_G,2005
C,Analyst corrected reported value,F0405_F1A_G,2005
D,Do not know,F0405_F1A_G,2005
G,Data generated from other data values,F0405_F1A_G,2005
H,Value not derived - data not usable,F0405_F1A_G,2005
J,Logical imputation,F0405_F1A_G,2005
K,Ratio adjustment,F0405_F1A_G,2005
L,Imputed using the Group Median procedure,F0405_F1A_G,2005
N,Imputed using Nearest Neighbor procedure,F0405_F1A_G,2005
P,Imputed using Carry Forward procedure,F0405_F1A_G,2005
R,Reported,F0405_F1A_G,2005
Z,Implied zero;,F0405_F1A_G,2005
A,Not applicable,F0405_F2,2005
B,Institution left item blank,F0405_F2,2005
C,Analyst corrected reported value,F0405_F2,2005
D,Do not know,F0405_F2,2005
G,Data generated from other data values,F0405_F2,2005
H,Value not derived - data not usable,F0405_F2,2005
J,Logical imputation,F0405_F2,2005
K,Ratio adjustment,F0405_F2,2005
L,Imputed using the Group Median procedure,F0405_F2,2005
N,Imputed using Nearest Neighbor procedure,F0405_F2,2005
P,Imputed using Carry Forward procedure,F0405_F2,2005
R,Reported,F0405_F2,2005
Z,Implied zero;,F0405_F2,2005
A,Not applicable,F0405_F3,2005
B,Institution left item blank,F0405_F3,2005
C,Analyst corrected reported value,F0405_F3,2005
D,Do not know,F0405_F3,2005
G,Data generated from other data values,F0405_F3,2005
H,Value not derived - data not usable,F0405_F3,2005
J,Logical imputation,F0405_F3,2005
K,Ratio adjustment,F0405_F3,2005
L,Imputed using the Group Median procedure,F0405_F3,2005
N,Imputed using Nearest Neighbor procedure,F0405_F3,2005
P,Imputed using Carry Forward procedure,F0405_F3,2005
R,Reported,F0405_F3,2005
Z,Implied zero;,F0405_F3,2005
A,Not applicable,GR2005_ATH_AID,2005
B,Institution left item blank,GR2005_ATH_AID,2005
C,Analyst corrected reported value,GR2005_ATH_AID,2005
D,Do not know,GR2005_ATH_AID,2005
G,Data generated from other data values,GR2005_ATH_AID,2005
H,Value not derived - data not usable,GR2005_ATH_AID,2005
J,Logical imputation,GR2005_ATH_AID,2005
K,Ratio adjustment,GR2005_ATH_AID,2005
L,Imputed using the Group Median procedure,GR2005_ATH_AID,2005
N,Imputed using Nearest Neighbor procedure,GR2005_ATH_AID,2005
P,Imputed using Carry Forward procedure,GR2005_ATH_AID,2005
R,Reported,GR2005_ATH_AID,2005
Z,Implied zero;,GR2005_ATH_AID,2005
A,Not applicable,GR2005,2005
B,Institution left item blank,GR2005,2005
C,Analyst corrected reported value,GR2005,2005
D,Do not know,GR2005,2005
G,Data generated from other data values,GR2005,2005
H,Value not derived - data not usable,GR2005,2005
J,Logical imputation,GR2005,2005
K,Ratio adjustment,GR2005,2005
L,Imputed using the Group Median procedure,GR2005,2005
N,Imputed using Nearest Neighbor procedure,GR2005,2005
P,Imputed using Carry Forward procedure,GR2005,2005
R,Reported,GR2005,2005
Z,Implied zero;,GR2005,2005
A,Not applicable,GR2005_L2,2005
B,Institution left item blank,GR2005_L2,2005
C,Analyst corrected reported value,GR2005_L2,2005
D,Do not know,GR2005_L2,2005
G,Data generated from other data values,GR2005_L2,2005
H,Value not derived - data not usable,GR2005_L2,2005
J,Logical imputation,GR2005_L2,2005
K,Ratio adjustment,GR2005_L2,2005
L,Imputed using the Group Median procedure,GR2005_L2,2005
N,Imputed using Nearest Neighbor procedure,GR2005_L2,2005
P,Imputed using Carry Forward procedure,GR2005_L2,2005
R,Reported,GR2005_L2,2005
Z,Implied zero;,GR2005_L2,2005
A,Not applicable,GR2005ATH,2005
B,Institution left item blank,GR2005ATH,2005
C,Analyst corrected reported value,GR2005ATH,2005
D,Do not know,GR2005ATH,2005
G,Data generated from other data values,GR2005ATH,2005
H,Value not derived - data not usable,GR2005ATH,2005
J,Logical imputation,GR2005ATH,2005
K,Ratio adjustment,GR2005ATH,2005
L,Imputed using the Group Median procedure,GR2005ATH,2005
N,Imputed using Nearest Neighbor procedure,GR2005ATH,2005
P,Imputed using Carry Forward procedure,GR2005ATH,2005
R,Reported,GR2005ATH,2005
Z,Implied zero;,GR2005ATH,2005
A,Not applicable,IC2005_AY,2005
B,Institution left item blank,IC2005_AY,2005
C,Analyst corrected reported value,IC2005_AY,2005
D,Do not know,IC2005_AY,2005
G,Data generated from other data values,IC2005_AY,2005
H,Value not derived - data not usable,IC2005_AY,2005
J,Logical imputation,IC2005_AY,2005
K,Ratio adjustment,IC2005_AY,2005
L,Imputed using the Group Median procedure,IC2005_AY,2005
N,Imputed using Nearest Neighbor procedure,IC2005_AY,2005
P,Imputed using Carry Forward procedure,IC2005_AY,2005
R,Reported,IC2005_AY,2005
Y,Particular Doctor's professional practice field not applicable,IC2005_AY,2005
Z,Implied zero;,IC2005_AY,2005
A,Not applicable,IC2005,2005
B,Institution left item blank,IC2005,2005
C,Analyst corrected reported value,IC2005,2005
D,Do not know,IC2005,2005
G,Data generated from other data values,IC2005,2005
H,Value not derived - data not usable,IC2005,2005
J,Logical imputation,IC2005,2005
K,Ratio adjustment,IC2005,2005
L,Imputed using the Group Median procedure,IC2005,2005
N,Imputed using Nearest Neighbor procedure,IC2005,2005
P,Imputed using Carry Forward procedure,IC2005,2005
R,Reported,IC2005,2005
Z,Implied zero;,IC2005,2005
A,Not applicable,IC2005_PY,2005
B,Institution left item blank,IC2005_PY,2005
C,Analyst corrected reported value,IC2005_PY,2005
D,Do not know,IC2005_PY,2005
G,Data generated from other data values,IC2005_PY,2005
H,Value not derived - data not usable,IC2005_PY,2005
J,Logical imputation,IC2005_PY,2005
K,Ratio adjustment,IC2005_PY,2005
L,Imputed using the Group Median procedure,IC2005_PY,2005
N,Imputed using Nearest Neighbor procedure,IC2005_PY,2005
P,Imputed using Carry Forward procedure,IC2005_PY,2005
R,Reported,IC2005_PY,2005
Z,Implied zero;,IC2005_PY,2005
A,Not applicable,S2005_ABD,2005
B,Institution left item blank,S2005_ABD,2005
C,Analyst corrected reported value,S2005_ABD,2005
D,Do not know,S2005_ABD,2005
G,Data generated from other data values,S2005_ABD,2005
H,Value not derived - data not usable,S2005_ABD,2005
J,Logical imputation,S2005_ABD,2005
K,Ratio adjustment,S2005_ABD,2005
L,Imputed using the Group Median procedure,S2005_ABD,2005
N,Imputed using Nearest Neighbor procedure,S2005_ABD,2005
P,Imputed using Carry Forward procedure,S2005_ABD,2005
R,Reported,S2005_ABD,2005
Z,Implied zero;,S2005_ABD,2005
A,Not applicable,S2005_CN,2005
B,Institution left item blank,S2005_CN,2005
C,Analyst corrected reported value,S2005_CN,2005
D,Do not know,S2005_CN,2005
G,Data generated from other data values,S2005_CN,2005
H,Value not derived - data not usable,S2005_CN,2005
J,Logical imputation,S2005_CN,2005
K,Ratio adjustment,S2005_CN,2005
L,Imputed using the Group Median procedure,S2005_CN,2005
N,Imputed using Nearest Neighbor procedure,S2005_CN,2005
P,Imputed using Carry Forward procedure,S2005_CN,2005
R,Reported,S2005_CN,2005
Z,Implied zero;,S2005_CN,2005
A,Not applicable,S2005_F,2005
B,Institution left item blank,S2005_F,2005
C,Analyst corrected reported value,S2005_F,2005
D,Do not know,S2005_F,2005
G,Data generated from other data values,S2005_F,2005
H,Value not derived - data not usable,S2005_F,2005
J,Logical imputation,S2005_F,2005
K,Ratio adjustment,S2005_F,2005
L,Imputed using the Group Median procedure,S2005_F,2005
N,Imputed using Nearest Neighbor procedure,S2005_F,2005
P,Imputed using Carry Forward procedure,S2005_F,2005
R,Reported,S2005_F,2005
Z,Implied zero;,S2005_F,2005
A,Not applicable,S2005_G,2005
B,Institution left item blank,S2005_G,2005
C,Analyst corrected reported value,S2005_G,2005
D,Do not know,S2005_G,2005
G,Data generated from other data values,S2005_G,2005
H,Value not derived - data not usable,S2005_G,2005
J,Logical imputation,S2005_G,2005
K,Ratio adjustment,S2005_G,2005
L,Imputed using the Group Median procedure,S2005_G,2005
N,Imputed using Nearest Neighbor procedure,S2005_G,2005
P,Imputed using Carry Forward procedure,S2005_G,2005
R,Reported,S2005_G,2005
Z,Implied zero;,S2005_G,2005
A,Not applicable,SAL2005_A,2005
B,Institution left item blank,SAL2005_A,2005
C,Analyst corrected reported value,SAL2005_A,2005
D,Do not know,SAL2005_A,2005
G,Data generated from other data values,SAL2005_A,2005
H,Value not derived - data not usable,SAL2005_A,2005
J,Logical imputation,SAL2005_A,2005
K,Ratio adjustment,SAL2005_A,2005
L,Imputed using the Group Median procedure,SAL2005_A,2005
N,Imputed using Nearest Neighbor procedure,SAL2005_A,2005
P,Imputed using Carry Forward procedure,SAL2005_A,2005
R,Reported,SAL2005_A,2005
Z,Implied zero;,SAL2005_A,2005
A,Not applicable,SAL2005_A_LT9,2005
B,Institution left item blank,SAL2005_A_LT9,2005
C,Analyst corrected reported value,SAL2005_A_LT9,2005
D,Do not know,SAL2005_A_LT9,2005
G,Data generated from other data values,SAL2005_A_LT9,2005
H,Value not derived - data not usable,SAL2005_A_LT9,2005
J,Logical imputation,SAL2005_A_LT9,2005
K,Ratio adjustment,SAL2005_A_LT9,2005
L,Imputed using the Group Median procedure,SAL2005_A_LT9,2005
N,Imputed using Nearest Neighbor procedure,SAL2005_A_LT9,2005
P,Imputed using Carry Forward procedure,SAL2005_A_LT9,2005
R,Reported,SAL2005_A_LT9,2005
Z,Implied zero;,SAL2005_A_LT9,2005
A,Not applicable,SAL2005_B,2005
B,Institution left item blank,SAL2005_B,2005
C,Analyst corrected reported value,SAL2005_B,2005
D,Do not know,SAL2005_B,2005
G,Data generated from other data values,SAL2005_B,2005
H,Value not derived - data not usable,SAL2005_B,2005
J,Logical imputation,SAL2005_B,2005
K,Ratio adjustment,SAL2005_B,2005
L,Imputed using the Group Median procedure,SAL2005_B,2005
N,Imputed using Nearest Neighbor procedure,SAL2005_B,2005
P,Imputed using Carry Forward procedure,SAL2005_B,2005
R,Reported,SAL2005_B,2005
Z,Implied zero;,SAL2005_B,2005
A,Not applicable,SFA0405,2005
B,Institution left item blank,SFA0405,2005
C,Analyst corrected reported value,SFA0405,2005
D,Do not know,SFA0405,2005
G,Data generated from other data values,SFA0405,2005
H,Value not derived - data not usable,SFA0405,2005
J,Logical imputation,SFA0405,2005
K,Ratio adjustment,SFA0405,2005
L,Imputed using the Group Median procedure,SFA0405,2005
N,Imputed using Nearest Neighbor procedure,SFA0405,2005
P,Imputed using Carry Forward procedure,SFA0405,2005
R,Reported,SFA0405,2005
Z,Implied zero;,SFA0405,2005
A,Not applicable,EAP2006,2006
B,Institution left item blank,EAP2006,2006
C,Analyst corrected reported value,EAP2006,2006
D,Do not know,EAP2006,2006
G,Data generated from other data values,EAP2006,2006
H,Value not derived - data not usable,EAP2006,2006
J,Logical imputation,EAP2006,2006
K,Ratio adjustment,EAP2006,2006
L,Imputed using the Group Median procedure,EAP2006,2006
N,Imputed using Nearest Neighbor procedure,EAP2006,2006
P,Imputed using Carry Forward procedure,EAP2006,2006
R,Reported,EAP2006,2006
Z,Implied zero;,EAP2006,2006
A,Not applicable,EF2006A,2006
B,Institution left item blank,EF2006A,2006
C,Analyst corrected reported value,EF2006A,2006
D,Do not know,EF2006A,2006
G,Data generated from other data values,EF2006A,2006
H,Value not derived - data not usable,EF2006A,2006
J,Logical imputation,EF2006A,2006
K,Ratio adjustment,EF2006A,2006
L,Imputed using the Group Median procedure,EF2006A,2006
N,Imputed using Nearest Neighbor procedure,EF2006A,2006
P,Imputed using Carry Forward procedure,EF2006A,2006
R,Reported,EF2006A,2006
Z,Implied zero;,EF2006A,2006
A,Not applicable,EF2006B,2006
B,Institution left item blank,EF2006B,2006
C,Analyst corrected reported value,EF2006B,2006
D,Do not know,EF2006B,2006
G,Data generated from other data values,EF2006B,2006
H,Value not derived - data not usable,EF2006B,2006
J,Logical imputation,EF2006B,2006
K,Ratio adjustment,EF2006B,2006
L,Imputed using the Group Median procedure,EF2006B,2006
N,Imputed using Nearest Neighbor procedure,EF2006B,2006
P,Imputed using Carry Forward procedure,EF2006B,2006
R,Reported,EF2006B,2006
Z,Implied zero;,EF2006B,2006
A,Not applicable,EF2006C,2006
B,Institution left item blank,EF2006C,2006
C,Analyst corrected reported value,EF2006C,2006
D,Do not know,EF2006C,2006
G,Data generated from other data values,EF2006C,2006
H,Value not derived - data not usable,EF2006C,2006
J,Logical imputation,EF2006C,2006
K,Ratio adjustment,EF2006C,2006
L,Imputed using the Group Median procedure,EF2006C,2006
N,Imputed using Nearest Neighbor procedure,EF2006C,2006
P,Imputed using Carry Forward procedure,EF2006C,2006
R,Reported,EF2006C,2006
Z,Implied zero;,EF2006C,2006
A,Not applicable,EF2006CP,2006
B,Institution left item blank,EF2006CP,2006
C,Analyst corrected reported value,EF2006CP,2006
D,Do not know,EF2006CP,2006
G,Data generated from other data values,EF2006CP,2006
H,Value not derived - data not usable,EF2006CP,2006
J,Logical imputation,EF2006CP,2006
K,Ratio adjustment,EF2006CP,2006
L,Imputed using the Group Median procedure,EF2006CP,2006
N,Imputed using Nearest Neighbor procedure,EF2006CP,2006
P,Imputed using Carry Forward procedure,EF2006CP,2006
R,Reported,EF2006CP,2006
Z,Implied zero;,EF2006CP,2006
A,Not applicable,EF2006D,2006
B,Institution left item blank,EF2006D,2006
C,Analyst corrected reported value,EF2006D,2006
D,Do not know,EF2006D,2006
G,Data generated from other data values,EF2006D,2006
H,Value not derived - data not usable,EF2006D,2006
J,Logical imputation,EF2006D,2006
K,Ratio adjustment,EF2006D,2006
L,Imputed using the Group Median procedure,EF2006D,2006
N,Imputed using Nearest Neighbor procedure,EF2006D,2006
P,Imputed using Carry Forward procedure,EF2006D,2006
R,Reported,EF2006D,2006
Z,Implied zero;,EF2006D,2006
A,Not applicable,EFFY2006,2006
B,Institution left item blank,EFFY2006,2006
C,Analyst corrected reported value,EFFY2006,2006
D,Do not know,EFFY2006,2006
G,Data generated from other data values,EFFY2006,2006
H,Value not derived - data not usable,EFFY2006,2006
J,Logical imputation,EFFY2006,2006
K,Ratio adjustment,EFFY2006,2006
L,Imputed using the Group Median procedure,EFFY2006,2006
N,Imputed using Nearest Neighbor procedure,EFFY2006,2006
P,Imputed using Carry Forward procedure,EFFY2006,2006
R,Reported,EFFY2006,2006
Z,Implied zero;,EFFY2006,2006
A,Not applicable,EFIA2006,2006
B,Institution left item blank,EFIA2006,2006
C,Analyst corrected reported value,EFIA2006,2006
D,Do not know,EFIA2006,2006
G,Data generated from other data values,EFIA2006,2006
H,Value not derived - data not usable,EFIA2006,2006
J,Logical imputation,EFIA2006,2006
K,Ratio adjustment,EFIA2006,2006
L,Imputed using the Group Median procedure,EFIA2006,2006
N,Imputed using Nearest Neighbor procedure,EFIA2006,2006
P,Imputed using Carry Forward procedure,EFIA2006,2006
R,Reported,EFIA2006,2006
Z,Implied zero;,EFIA2006,2006
A,Not applicable,F0506_F1A,2006
B,Institution left item blank,F0506_F1A,2006
C,Analyst corrected reported value,F0506_F1A,2006
D,Do not know,F0506_F1A,2006
G,Data generated from other data values,F0506_F1A,2006
H,Value not derived - data not usable,F0506_F1A,2006
J,Logical imputation,F0506_F1A,2006
K,Ratio adjustment,F0506_F1A,2006
L,Imputed using the Group Median procedure,F0506_F1A,2006
N,Imputed using Nearest Neighbor procedure,F0506_F1A,2006
P,Imputed using Carry Forward procedure,F0506_F1A,2006
R,Reported,F0506_F1A,2006
Z,Implied zero;,F0506_F1A,2006
A,Not applicable,F0506_F1A_F,2006
B,Institution left item blank,F0506_F1A_F,2006
C,Analyst corrected reported value,F0506_F1A_F,2006
D,Do not know,F0506_F1A_F,2006
G,Data generated from other data values,F0506_F1A_F,2006
H,Value not derived - data not usable,F0506_F1A_F,2006
J,Logical imputation,F0506_F1A_F,2006
K,Ratio adjustment,F0506_F1A_F,2006
L,Imputed using the Group Median procedure,F0506_F1A_F,2006
N,Imputed using Nearest Neighbor procedure,F0506_F1A_F,2006
P,Imputed using Carry Forward procedure,F0506_F1A_F,2006
R,Reported,F0506_F1A_F,2006
Z,Implied zero;,F0506_F1A_F,2006
A,Not applicable,F0506_F1A_G,2006
B,Institution left item blank,F0506_F1A_G,2006
C,Analyst corrected reported value,F0506_F1A_G,2006
D,Do not know,F0506_F1A_G,2006
G,Data generated from other data values,F0506_F1A_G,2006
H,Value not derived - data not usable,F0506_F1A_G,2006
J,Logical imputation,F0506_F1A_G,2006
K,Ratio adjustment,F0506_F1A_G,2006
L,Imputed using the Group Median procedure,F0506_F1A_G,2006
N,Imputed using Nearest Neighbor procedure,F0506_F1A_G,2006
P,Imputed using Carry Forward procedure,F0506_F1A_G,2006
R,Reported,F0506_F1A_G,2006
Z,Implied zero;,F0506_F1A_G,2006
A,Not applicable,F0506_F2,2006
B,Institution left item blank,F0506_F2,2006
C,Analyst corrected reported value,F0506_F2,2006
D,Do not know,F0506_F2,2006
G,Data generated from other data values,F0506_F2,2006
H,Value not derived - data not usable,F0506_F2,2006
J,Logical imputation,F0506_F2,2006
K,Ratio adjustment,F0506_F2,2006
L,Imputed using the Group Median procedure,F0506_F2,2006
N,Imputed using Nearest Neighbor procedure,F0506_F2,2006
P,Imputed using Carry Forward procedure,F0506_F2,2006
R,Reported,F0506_F2,2006
Z,Implied zero;,F0506_F2,2006
A,Not applicable,F0506_F3,2006
B,Institution left item blank,F0506_F3,2006
C,Analyst corrected reported value,F0506_F3,2006
D,Do not know,F0506_F3,2006
G,Data generated from other data values,F0506_F3,2006
H,Value not derived - data not usable,F0506_F3,2006
J,Logical imputation,F0506_F3,2006
K,Ratio adjustment,F0506_F3,2006
L,Imputed using the Group Median procedure,F0506_F3,2006
N,Imputed using Nearest Neighbor procedure,F0506_F3,2006
P,Imputed using Carry Forward procedure,F0506_F3,2006
R,Reported,F0506_F3,2006
Z,Implied zero;,F0506_F3,2006
A,Not applicable,GR2006_ATH_AID,2006
B,Institution left item blank,GR2006_ATH_AID,2006
C,Analyst corrected reported value,GR2006_ATH_AID,2006
D,Do not know,GR2006_ATH_AID,2006
G,Data generated from other data values,GR2006_ATH_AID,2006
H,Value not derived - data not usable,GR2006_ATH_AID,2006
J,Logical imputation,GR2006_ATH_AID,2006
K,Ratio adjustment,GR2006_ATH_AID,2006
L,Imputed using the Group Median procedure,GR2006_ATH_AID,2006
N,Imputed using Nearest Neighbor procedure,GR2006_ATH_AID,2006
P,Imputed using Carry Forward procedure,GR2006_ATH_AID,2006
R,Reported,GR2006_ATH_AID,2006
Z,Implied zero;,GR2006_ATH_AID,2006
A,Not applicable,GR2006,2006
B,Institution left item blank,GR2006,2006
C,Analyst corrected reported value,GR2006,2006
D,Do not know,GR2006,2006
G,Data generated from other data values,GR2006,2006
H,Value not derived - data not usable,GR2006,2006
J,Logical imputation,GR2006,2006
K,Ratio adjustment,GR2006,2006
L,Imputed using the Group Median procedure,GR2006,2006
N,Imputed using Nearest Neighbor procedure,GR2006,2006
P,Imputed using Carry Forward procedure,GR2006,2006
R,Reported,GR2006,2006
Z,Implied zero;,GR2006,2006
A,Not applicable,GR2006_L2,2006
B,Institution left item blank,GR2006_L2,2006
C,Analyst corrected reported value,GR2006_L2,2006
D,Do not know,GR2006_L2,2006
G,Data generated from other data values,GR2006_L2,2006
H,Value not derived - data not usable,GR2006_L2,2006
J,Logical imputation,GR2006_L2,2006
K,Ratio adjustment,GR2006_L2,2006
L,Imputed using the Group Median procedure,GR2006_L2,2006
N,Imputed using Nearest Neighbor procedure,GR2006_L2,2006
P,Imputed using Carry Forward procedure,GR2006_L2,2006
R,Reported,GR2006_L2,2006
Z,Implied zero;,GR2006_L2,2006
A,Not applicable,GR2006ATH,2006
B,Institution left item blank,GR2006ATH,2006
C,Analyst corrected reported value,GR2006ATH,2006
D,Do not know,GR2006ATH,2006
G,Data generated from other data values,GR2006ATH,2006
H,Value not derived - data not usable,GR2006ATH,2006
J,Logical imputation,GR2006ATH,2006
K,Ratio adjustment,GR2006ATH,2006
L,Imputed using the Group Median procedure,GR2006ATH,2006
N,Imputed using Nearest Neighbor procedure,GR2006ATH,2006
P,Imputed using Carry Forward procedure,GR2006ATH,2006
R,Reported,GR2006ATH,2006
Z,Implied zero;,GR2006ATH,2006
A,Not applicable,IC2006_AY,2006
B,Institution left item blank,IC2006_AY,2006
C,Analyst corrected reported value,IC2006_AY,2006
D,Do not know,IC2006_AY,2006
G,Data generated from other data values,IC2006_AY,2006
H,Value not derived - data not usable,IC2006_AY,2006
J,Logical imputation,IC2006_AY,2006
K,Ratio adjustment,IC2006_AY,2006
L,Imputed using the Group Median procedure,IC2006_AY,2006
N,Imputed using Nearest Neighbor procedure,IC2006_AY,2006
P,Imputed using Carry Forward procedure,IC2006_AY,2006
R,Reported,IC2006_AY,2006
Y,Particular Doctor's professional practice field not applicable,IC2006_AY,2006
Z,Implied zero;,IC2006_AY,2006
A,Not applicable,IC2006,2006
B,Institution left item blank,IC2006,2006
C,Analyst corrected reported value,IC2006,2006
D,Do not know,IC2006,2006
G,Data generated from other data values,IC2006,2006
H,Value not derived - data not usable,IC2006,2006
J,Logical imputation,IC2006,2006
K,Ratio adjustment,IC2006,2006
L,Imputed using the Group Median procedure,IC2006,2006
N,Imputed using Nearest Neighbor procedure,IC2006,2006
P,Imputed using Carry Forward procedure,IC2006,2006
R,Reported,IC2006,2006
Z,Implied zero;,IC2006,2006
A,Not applicable,IC2006_PY,2006
B,Institution left item blank,IC2006_PY,2006
C,Analyst corrected reported value,IC2006_PY,2006
D,Do not know,IC2006_PY,2006
G,Data generated from other data values,IC2006_PY,2006
H,Value not derived - data not usable,IC2006_PY,2006
J,Logical imputation,IC2006_PY,2006
K,Ratio adjustment,IC2006_PY,2006
L,Imputed using the Group Median procedure,IC2006_PY,2006
N,Imputed using Nearest Neighbor procedure,IC2006_PY,2006
P,Imputed using Carry Forward procedure,IC2006_PY,2006
R,Reported,IC2006_PY,2006
Z,Implied zero;,IC2006_PY,2006
A,Not applicable,S2006_ABD,2006
B,Institution left item blank,S2006_ABD,2006
C,Analyst corrected reported value,S2006_ABD,2006
D,Do not know,S2006_ABD,2006
G,Data generated from other data values,S2006_ABD,2006
H,Value not derived - data not usable,S2006_ABD,2006
J,Logical imputation,S2006_ABD,2006
K,Ratio adjustment,S2006_ABD,2006
L,Imputed using the Group Median procedure,S2006_ABD,2006
N,Imputed using Nearest Neighbor procedure,S2006_ABD,2006
P,Imputed using Carry Forward procedure,S2006_ABD,2006
R,Reported,S2006_ABD,2006
Z,Implied zero;,S2006_ABD,2006
A,Not applicable,S2006_CN,2006
B,Institution left item blank,S2006_CN,2006
C,Analyst corrected reported value,S2006_CN,2006
D,Do not know,S2006_CN,2006
G,Data generated from other data values,S2006_CN,2006
H,Value not derived - data not usable,S2006_CN,2006
J,Logical imputation,S2006_CN,2006
K,Ratio adjustment,S2006_CN,2006
L,Imputed using the Group Median procedure,S2006_CN,2006
N,Imputed using Nearest Neighbor procedure,S2006_CN,2006
P,Imputed using Carry Forward procedure,S2006_CN,2006
R,Reported,S2006_CN,2006
Z,Implied zero;,S2006_CN,2006
A,Not applicable,S2006_F,2006
B,Institution left item blank,S2006_F,2006
C,Analyst corrected reported value,S2006_F,2006
D,Do not know,S2006_F,2006
G,Data generated from other data values,S2006_F,2006
H,Value not derived - data not usable,S2006_F,2006
J,Logical imputation,S2006_F,2006
K,Ratio adjustment,S2006_F,2006
L,Imputed using the Group Median procedure,S2006_F,2006
N,Imputed using Nearest Neighbor procedure,S2006_F,2006
P,Imputed using Carry Forward procedure,S2006_F,2006
R,Reported,S2006_F,2006
Z,Implied zero;,S2006_F,2006
A,Not applicable,S2006_G,2006
B,Institution left item blank,S2006_G,2006
C,Analyst corrected reported value,S2006_G,2006
D,Do not know,S2006_G,2006
G,Data generated from other data values,S2006_G,2006
H,Value not derived - data not usable,S2006_G,2006
J,Logical imputation,S2006_G,2006
K,Ratio adjustment,S2006_G,2006
L,Imputed using the Group Median procedure,S2006_G,2006
N,Imputed using Nearest Neighbor procedure,S2006_G,2006
P,Imputed using Carry Forward procedure,S2006_G,2006
R,Reported,S2006_G,2006
Z,Implied zero;,S2006_G,2006
A,Not applicable,SAL2006_A,2006
B,Institution left item blank,SAL2006_A,2006
C,Analyst corrected reported value,SAL2006_A,2006
D,Do not know,SAL2006_A,2006
G,Data generated from other data values,SAL2006_A,2006
H,Value not derived - data not usable,SAL2006_A,2006
J,Logical imputation,SAL2006_A,2006
K,Ratio adjustment,SAL2006_A,2006
L,Imputed using the Group Median procedure,SAL2006_A,2006
N,Imputed using Nearest Neighbor procedure,SAL2006_A,2006
P,Imputed using Carry Forward procedure,SAL2006_A,2006
R,Reported,SAL2006_A,2006
Z,Implied zero;,SAL2006_A,2006
A,Not applicable,SAL2006_A_LT9,2006
B,Institution left item blank,SAL2006_A_LT9,2006
C,Analyst corrected reported value,SAL2006_A_LT9,2006
D,Do not know,SAL2006_A_LT9,2006
G,Data generated from other data values,SAL2006_A_LT9,2006
H,Value not derived - data not usable,SAL2006_A_LT9,2006
J,Logical imputation,SAL2006_A_LT9,2006
K,Ratio adjustment,SAL2006_A_LT9,2006
L,Imputed using the Group Median procedure,SAL2006_A_LT9,2006
N,Imputed using Nearest Neighbor procedure,SAL2006_A_LT9,2006
P,Imputed using Carry Forward procedure,SAL2006_A_LT9,2006
R,Reported,SAL2006_A_LT9,2006
Z,Implied zero;,SAL2006_A_LT9,2006
A,Not applicable,SAL2006_B,2006
B,Institution left item blank,SAL2006_B,2006
C,Analyst corrected reported value,SAL2006_B,2006
D,Do not know,SAL2006_B,2006
G,Data generated from other data values,SAL2006_B,2006
H,Value not derived - data not usable,SAL2006_B,2006
J,Logical imputation,SAL2006_B,2006
K,Ratio adjustment,SAL2006_B,2006
L,Imputed using the Group Median procedure,SAL2006_B,2006
N,Imputed using Nearest Neighbor procedure,SAL2006_B,2006
P,Imputed using Carry Forward procedure,SAL2006_B,2006
R,Reported,SAL2006_B,2006
Z,Implied zero;,SAL2006_B,2006
A,Not applicable,SAL2006_FACULTY,2006
B,Institution left item blank,SAL2006_FACULTY,2006
C,Analyst corrected reported value,SAL2006_FACULTY,2006
D,Do not know,SAL2006_FACULTY,2006
G,Data generated from other data values,SAL2006_FACULTY,2006
H,Value not derived - data not usable,SAL2006_FACULTY,2006
J,Logical imputation,SAL2006_FACULTY,2006
K,Ratio adjustment,SAL2006_FACULTY,2006
L,Imputed using the Group Median procedure,SAL2006_FACULTY,2006
N,Imputed using Nearest Neighbor procedure,SAL2006_FACULTY,2006
P,Imputed using Carry Forward procedure,SAL2006_FACULTY,2006
R,Reported,SAL2006_FACULTY,2006
Z,Implied zero;,SAL2006_FACULTY,2006
A,Not applicable,SFA0506,2006
B,Institution left item blank,SFA0506,2006
C,Analyst corrected reported value,SFA0506,2006
D,Do not know,SFA0506,2006
G,Data generated from other data values,SFA0506,2006
H,Value not derived - data not usable,SFA0506,2006
J,Logical imputation,SFA0506,2006
K,Ratio adjustment,SFA0506,2006
L,Imputed using the Group Median procedure,SFA0506,2006
N,Imputed using Nearest Neighbor procedure,SFA0506,2006
P,Imputed using Carry Forward procedure,SFA0506,2006
R,Reported,SFA0506,2006
Z,Implied zero;,SFA0506,2006
A,Not applicable,EAP2007,2007
B,Institution left item blank,EAP2007,2007
C,Analyst corrected reported value,EAP2007,2007
D,Do not know,EAP2007,2007
G,Data generated from other data values,EAP2007,2007
H,Value not derived - data not usable,EAP2007,2007
J,Logical imputation,EAP2007,2007
K,Ratio adjustment,EAP2007,2007
L,Imputed using the Group Median procedure,EAP2007,2007
N,Imputed using Nearest Neighbor procedure,EAP2007,2007
P,Imputed using Carry Forward procedure,EAP2007,2007
R,Reported,EAP2007,2007
Z,Implied zero;,EAP2007,2007
A,Not applicable,EF2007A,2007
B,Institution left item blank,EF2007A,2007
C,Analyst corrected reported value,EF2007A,2007
D,Do not know,EF2007A,2007
G,Data generated from other data values,EF2007A,2007
H,Value not derived - data not usable,EF2007A,2007
J,Logical imputation,EF2007A,2007
K,Ratio adjustment,EF2007A,2007
L,Imputed using the Group Median procedure,EF2007A,2007
N,Imputed using Nearest Neighbor procedure,EF2007A,2007
P,Imputed using Carry Forward procedure,EF2007A,2007
R,Reported,EF2007A,2007
Z,Implied zero;,EF2007A,2007
A,Not applicable,EF2007B,2007
B,Institution left item blank,EF2007B,2007
C,Analyst corrected reported value,EF2007B,2007
D,Do not know,EF2007B,2007
G,Data generated from other data values,EF2007B,2007
H,Value not derived - data not usable,EF2007B,2007
J,Logical imputation,EF2007B,2007
K,Ratio adjustment,EF2007B,2007
L,Imputed using the Group Median procedure,EF2007B,2007
N,Imputed using Nearest Neighbor procedure,EF2007B,2007
P,Imputed using Carry Forward procedure,EF2007B,2007
R,Reported,EF2007B,2007
Z,Implied zero;,EF2007B,2007
A,Not applicable,EF2007C,2007
B,Institution left item blank,EF2007C,2007
C,Analyst corrected reported value,EF2007C,2007
D,Do not know,EF2007C,2007
G,Data generated from other data values,EF2007C,2007
H,Value not derived - data not usable,EF2007C,2007
J,Logical imputation,EF2007C,2007
K,Ratio adjustment,EF2007C,2007
L,Imputed using the Group Median procedure,EF2007C,2007
N,Imputed using Nearest Neighbor procedure,EF2007C,2007
P,Imputed using Carry Forward procedure,EF2007C,2007
R,Reported,EF2007C,2007
Z,Implied zero;,EF2007C,2007
A,Not applicable,EF2007D,2007
B,Institution left item blank,EF2007D,2007
C,Analyst corrected reported value,EF2007D,2007
D,Do not know,EF2007D,2007
G,Data generated from other data values,EF2007D,2007
H,Value not derived - data not usable,EF2007D,2007
J,Logical imputation,EF2007D,2007
K,Ratio adjustment,EF2007D,2007
L,Imputed using the Group Median procedure,EF2007D,2007
N,Imputed using Nearest Neighbor procedure,EF2007D,2007
P,Imputed using Carry Forward procedure,EF2007D,2007
R,Reported,EF2007D,2007
Z,Implied zero;,EF2007D,2007
A,Not applicable,EFFY2007,2007
B,Institution left item blank,EFFY2007,2007
C,Analyst corrected reported value,EFFY2007,2007
D,Do not know,EFFY2007,2007
G,Data generated from other data values,EFFY2007,2007
H,Value not derived - data not usable,EFFY2007,2007
J,Logical imputation,EFFY2007,2007
K,Ratio adjustment,EFFY2007,2007
L,Imputed using the Group Median procedure,EFFY2007,2007
N,Imputed using Nearest Neighbor procedure,EFFY2007,2007
P,Imputed using Carry Forward procedure,EFFY2007,2007
R,Reported,EFFY2007,2007
Z,Implied zero;,EFFY2007,2007
A,Not applicable,EFIA2007,2007
B,Institution left item blank,EFIA2007,2007
C,Analyst corrected reported value,EFIA2007,2007
D,Do not know,EFIA2007,2007
G,Data generated from other data values,EFIA2007,2007
H,Value not derived - data not usable,EFIA2007,2007
J,Logical imputation,EFIA2007,2007
K,Ratio adjustment,EFIA2007,2007
L,Imputed using the Group Median procedure,EFIA2007,2007
N,Imputed using Nearest Neighbor procedure,EFIA2007,2007
P,Imputed using Carry Forward procedure,EFIA2007,2007
R,Reported,EFIA2007,2007
Z,Implied zero;,EFIA2007,2007
A,Not applicable,F0607_F1A,2007
B,Institution left item blank,F0607_F1A,2007
C,Analyst corrected reported value,F0607_F1A,2007
D,Do not know,F0607_F1A,2007
G,Data generated from other data values,F0607_F1A,2007
H,Value not derived - data not usable,F0607_F1A,2007
J,Logical imputation,F0607_F1A,2007
K,Ratio adjustment,F0607_F1A,2007
L,Imputed using the Group Median procedure,F0607_F1A,2007
N,Imputed using Nearest Neighbor procedure,F0607_F1A,2007
P,Imputed using Carry Forward procedure,F0607_F1A,2007
R,Reported,F0607_F1A,2007
Z,Implied zero;,F0607_F1A,2007
A,Not applicable,F0607_F1A_F,2007
B,Institution left item blank,F0607_F1A_F,2007
C,Analyst corrected reported value,F0607_F1A_F,2007
D,Do not know,F0607_F1A_F,2007
G,Data generated from other data values,F0607_F1A_F,2007
H,Value not derived - data not usable,F0607_F1A_F,2007
J,Logical imputation,F0607_F1A_F,2007
K,Ratio adjustment,F0607_F1A_F,2007
L,Imputed using the Group Median procedure,F0607_F1A_F,2007
N,Imputed using Nearest Neighbor procedure,F0607_F1A_F,2007
P,Imputed using Carry Forward procedure,F0607_F1A_F,2007
R,Reported,F0607_F1A_F,2007
Z,Implied zero;,F0607_F1A_F,2007
A,Not applicable,F0607_F1A_G,2007
B,Institution left item blank,F0607_F1A_G,2007
C,Analyst corrected reported value,F0607_F1A_G,2007
D,Do not know,F0607_F1A_G,2007
G,Data generated from other data values,F0607_F1A_G,2007
H,Value not derived - data not usable,F0607_F1A_G,2007
J,Logical imputation,F0607_F1A_G,2007
K,Ratio adjustment,F0607_F1A_G,2007
L,Imputed using the Group Median procedure,F0607_F1A_G,2007
N,Imputed using Nearest Neighbor procedure,F0607_F1A_G,2007
P,Imputed using Carry Forward procedure,F0607_F1A_G,2007
R,Reported,F0607_F1A_G,2007
Z,Implied zero;,F0607_F1A_G,2007
A,Not applicable,F0607_F2,2007
B,Institution left item blank,F0607_F2,2007
C,Analyst corrected reported value,F0607_F2,2007
D,Do not know,F0607_F2,2007
G,Data generated from other data values,F0607_F2,2007
H,Value not derived - data not usable,F0607_F2,2007
J,Logical imputation,F0607_F2,2007
K,Ratio adjustment,F0607_F2,2007
L,Imputed using the Group Median procedure,F0607_F2,2007
N,Imputed using Nearest Neighbor procedure,F0607_F2,2007
P,Imputed using Carry Forward procedure,F0607_F2,2007
R,Reported,F0607_F2,2007
Z,Implied zero;,F0607_F2,2007
A,Not applicable,F0607_F3,2007
B,Institution left item blank,F0607_F3,2007
C,Analyst corrected reported value,F0607_F3,2007
D,Do not know,F0607_F3,2007
G,Data generated from other data values,F0607_F3,2007
H,Value not derived - data not usable,F0607_F3,2007
J,Logical imputation,F0607_F3,2007
K,Ratio adjustment,F0607_F3,2007
L,Imputed using the Group Median procedure,F0607_F3,2007
N,Imputed using Nearest Neighbor procedure,F0607_F3,2007
P,Imputed using Carry Forward procedure,F0607_F3,2007
R,Reported,F0607_F3,2007
Z,Implied zero;,F0607_F3,2007
A,Not applicable,GR2007,2007
B,Institution left item blank,GR2007,2007
C,Analyst corrected reported value,GR2007,2007
D,Do not know,GR2007,2007
G,Data generated from other data values,GR2007,2007
H,Value not derived - data not usable,GR2007,2007
J,Logical imputation,GR2007,2007
K,Ratio adjustment,GR2007,2007
L,Imputed using the Group Median procedure,GR2007,2007
N,Imputed using Nearest Neighbor procedure,GR2007,2007
P,Imputed using Carry Forward procedure,GR2007,2007
R,Reported,GR2007,2007
Z,Implied zero;,GR2007,2007
A,Not applicable,GR2007_L2,2007
B,Institution left item blank,GR2007_L2,2007
C,Analyst corrected reported value,GR2007_L2,2007
D,Do not know,GR2007_L2,2007
G,Data generated from other data values,GR2007_L2,2007
H,Value not derived - data not usable,GR2007_L2,2007
J,Logical imputation,GR2007_L2,2007
K,Ratio adjustment,GR2007_L2,2007
L,Imputed using the Group Median procedure,GR2007_L2,2007
N,Imputed using Nearest Neighbor procedure,GR2007_L2,2007
P,Imputed using Carry Forward procedure,GR2007_L2,2007
R,Reported,GR2007_L2,2007
Z,Implied zero;,GR2007_L2,2007
A,Not applicable,IC2007_AY,2007
B,Institution left item blank,IC2007_AY,2007
C,Analyst corrected reported value,IC2007_AY,2007
D,Do not know,IC2007_AY,2007
G,Data generated from other data values,IC2007_AY,2007
H,Value not derived - data not usable,IC2007_AY,2007
J,Logical imputation,IC2007_AY,2007
K,Ratio adjustment,IC2007_AY,2007
L,Imputed using the Group Median procedure,IC2007_AY,2007
N,Imputed using Nearest Neighbor procedure,IC2007_AY,2007
P,Imputed using Carry Forward procedure,IC2007_AY,2007
R,Reported,IC2007_AY,2007
Y,Particular Doctor's professional practice field not applicable,IC2007_AY,2007
Z,Implied zero;,IC2007_AY,2007
A,Not applicable,IC2007,2007
B,Institution left item blank,IC2007,2007
C,Analyst corrected reported value,IC2007,2007
D,Do not know,IC2007,2007
G,Data generated from other data values,IC2007,2007
H,Value not derived - data not usable,IC2007,2007
J,Logical imputation,IC2007,2007
K,Ratio adjustment,IC2007,2007
L,Imputed using the Group Median procedure,IC2007,2007
N,Imputed using Nearest Neighbor procedure,IC2007,2007
P,Imputed using Carry Forward procedure,IC2007,2007
R,Reported,IC2007,2007
Z,Implied zero;,IC2007,2007
A,Not applicable,IC2007_PY,2007
B,Institution left item blank,IC2007_PY,2007
C,Analyst corrected reported value,IC2007_PY,2007
D,Do not know,IC2007_PY,2007
G,Data generated from other data values,IC2007_PY,2007
H,Value not derived - data not usable,IC2007_PY,2007
J,Logical imputation,IC2007_PY,2007
K,Ratio adjustment,IC2007_PY,2007
L,Imputed using the Group Median procedure,IC2007_PY,2007
N,Imputed using Nearest Neighbor procedure,IC2007_PY,2007
P,Imputed using Carry Forward procedure,IC2007_PY,2007
R,Reported,IC2007_PY,2007
Z,Implied zero;,IC2007_PY,2007
A,Not applicable,S2007_ABD,2007
B,Institution left item blank,S2007_ABD,2007
C,Analyst corrected reported value,S2007_ABD,2007
D,Do not know,S2007_ABD,2007
G,Data generated from other data values,S2007_ABD,2007
H,Value not derived - data not usable,S2007_ABD,2007
J,Logical imputation,S2007_ABD,2007
K,Ratio adjustment,S2007_ABD,2007
L,Imputed using the Group Median procedure,S2007_ABD,2007
N,Imputed using Nearest Neighbor procedure,S2007_ABD,2007
P,Imputed using Carry Forward procedure,S2007_ABD,2007
R,Reported,S2007_ABD,2007
Z,Implied zero;,S2007_ABD,2007
A,Not applicable,S2007_CN,2007
B,Institution left item blank,S2007_CN,2007
C,Analyst corrected reported value,S2007_CN,2007
D,Do not know,S2007_CN,2007
G,Data generated from other data values,S2007_CN,2007
H,Value not derived - data not usable,S2007_CN,2007
J,Logical imputation,S2007_CN,2007
K,Ratio adjustment,S2007_CN,2007
L,Imputed using the Group Median procedure,S2007_CN,2007
N,Imputed using Nearest Neighbor procedure,S2007_CN,2007
P,Imputed using Carry Forward procedure,S2007_CN,2007
R,Reported,S2007_CN,2007
Z,Implied zero;,S2007_CN,2007
A,Not applicable,S2007_F,2007
B,Institution left item blank,S2007_F,2007
C,Analyst corrected reported value,S2007_F,2007
D,Do not know,S2007_F,2007
G,Data generated from other data values,S2007_F,2007
H,Value not derived - data not usable,S2007_F,2007
J,Logical imputation,S2007_F,2007
K,Ratio adjustment,S2007_F,2007
L,Imputed using the Group Median procedure,S2007_F,2007
N,Imputed using Nearest Neighbor procedure,S2007_F,2007
P,Imputed using Carry Forward procedure,S2007_F,2007
R,Reported,S2007_F,2007
Z,Implied zero;,S2007_F,2007
A,Not applicable,S2007_G,2007
B,Institution left item blank,S2007_G,2007
C,Analyst corrected reported value,S2007_G,2007
D,Do not know,S2007_G,2007
G,Data generated from other data values,S2007_G,2007
H,Value not derived - data not usable,S2007_G,2007
J,Logical imputation,S2007_G,2007
K,Ratio adjustment,S2007_G,2007
L,Imputed using the Group Median procedure,S2007_G,2007
N,Imputed using Nearest Neighbor procedure,S2007_G,2007
P,Imputed using Carry Forward procedure,S2007_G,2007
R,Reported,S2007_G,2007
Z,Implied zero;,S2007_G,2007
A,Not applicable,SAL2007_A,2007
B,Institution left item blank,SAL2007_A,2007
C,Analyst corrected reported value,SAL2007_A,2007
D,Do not know,SAL2007_A,2007
G,Data generated from other data values,SAL2007_A,2007
H,Value not derived - data not usable,SAL2007_A,2007
J,Logical imputation,SAL2007_A,2007
K,Ratio adjustment,SAL2007_A,2007
L,Imputed using the Group Median procedure,SAL2007_A,2007
N,Imputed using Nearest Neighbor procedure,SAL2007_A,2007
P,Imputed using Carry Forward procedure,SAL2007_A,2007
R,Reported,SAL2007_A,2007
Z,Implied zero;,SAL2007_A,2007
A,Not applicable,SAL2007_A_LT9,2007
B,Institution left item blank,SAL2007_A_LT9,2007
C,Analyst corrected reported value,SAL2007_A_LT9,2007
D,Do not know,SAL2007_A_LT9,2007
G,Data generated from other data values,SAL2007_A_LT9,2007
H,Value not derived - data not usable,SAL2007_A_LT9,2007
J,Logical imputation,SAL2007_A_LT9,2007
K,Ratio adjustment,SAL2007_A_LT9,2007
L,Imputed using the Group Median procedure,SAL2007_A_LT9,2007
N,Imputed using Nearest Neighbor procedure,SAL2007_A_LT9,2007
P,Imputed using Carry Forward procedure,SAL2007_A_LT9,2007
R,Reported,SAL2007_A_LT9,2007
Z,Implied zero;,SAL2007_A_LT9,2007
A,Not applicable,SAL2007_B,2007
B,Institution left item blank,SAL2007_B,2007
C,Analyst corrected reported value,SAL2007_B,2007
D,Do not know,SAL2007_B,2007
G,Data generated from other data values,SAL2007_B,2007
H,Value not derived - data not usable,SAL2007_B,2007
J,Logical imputation,SAL2007_B,2007
K,Ratio adjustment,SAL2007_B,2007
L,Imputed using the Group Median procedure,SAL2007_B,2007
N,Imputed using Nearest Neighbor procedure,SAL2007_B,2007
P,Imputed using Carry Forward procedure,SAL2007_B,2007
R,Reported,SAL2007_B,2007
Z,Implied zero;,SAL2007_B,2007
A,Not applicable,SAL2007_FACULTY,2007
B,Institution left item blank,SAL2007_FACULTY,2007
C,Analyst corrected reported value,SAL2007_FACULTY,2007
D,Do not know,SAL2007_FACULTY,2007
G,Data generated from other data values,SAL2007_FACULTY,2007
H,Value not derived - data not usable,SAL2007_FACULTY,2007
J,Logical imputation,SAL2007_FACULTY,2007
K,Ratio adjustment,SAL2007_FACULTY,2007
L,Imputed using the Group Median procedure,SAL2007_FACULTY,2007
N,Imputed using Nearest Neighbor procedure,SAL2007_FACULTY,2007
P,Imputed using Carry Forward procedure,SAL2007_FACULTY,2007
R,Reported,SAL2007_FACULTY,2007
Z,Implied zero;,SAL2007_FACULTY,2007
A,Not applicable,SFA0607,2007
B,Institution left item blank,SFA0607,2007
C,Analyst corrected reported value,SFA0607,2007
D,Do not know,SFA0607,2007
G,Data generated from other data values,SFA0607,2007
H,Value not derived - data not usable,SFA0607,2007
J,Logical imputation,SFA0607,2007
K,Ratio adjustment,SFA0607,2007
L,Imputed using the Group Median procedure,SFA0607,2007
N,Imputed using Nearest Neighbor procedure,SFA0607,2007
P,Imputed using Carry Forward procedure,SFA0607,2007
R,Reported,SFA0607,2007
Z,Implied zero;,SFA0607,2007
A,Not applicable,EAP2008,2008
B,Institution left item blank,EAP2008,2008
C,Analyst corrected reported value,EAP2008,2008
D,Do not know,EAP2008,2008
G,Data generated from other data values,EAP2008,2008
H,Value not derived - data not usable,EAP2008,2008
J,Logical imputation,EAP2008,2008
K,Ratio adjustment,EAP2008,2008
L,Imputed using the Group Median procedure,EAP2008,2008
N,Imputed using Nearest Neighbor procedure,EAP2008,2008
P,Imputed using Carry Forward procedure,EAP2008,2008
R,Reported,EAP2008,2008
Z,Implied zero;,EAP2008,2008
A,Not applicable,EF2008A,2008
B,Institution left item blank,EF2008A,2008
C,Analyst corrected reported value,EF2008A,2008
D,Do not know,EF2008A,2008
G,Data generated from other data values,EF2008A,2008
H,Value not derived - data not usable,EF2008A,2008
J,Logical imputation,EF2008A,2008
K,Ratio adjustment,EF2008A,2008
L,Imputed using the Group Median procedure,EF2008A,2008
N,Imputed using Nearest Neighbor procedure,EF2008A,2008
P,Imputed using Carry Forward procedure,EF2008A,2008
R,Reported,EF2008A,2008
Z,Implied zero;,EF2008A,2008
A,Not applicable,EF2008B,2008
B,Institution left item blank,EF2008B,2008
C,Analyst corrected reported value,EF2008B,2008
D,Do not know,EF2008B,2008
G,Data generated from other data values,EF2008B,2008
H,Value not derived - data not usable,EF2008B,2008
J,Logical imputation,EF2008B,2008
K,Ratio adjustment,EF2008B,2008
L,Imputed using the Group Median procedure,EF2008B,2008
N,Imputed using Nearest Neighbor procedure,EF2008B,2008
P,Imputed using Carry Forward procedure,EF2008B,2008
R,Reported,EF2008B,2008
Z,Implied zero;,EF2008B,2008
A,Not applicable,EF2008C,2008
B,Institution left item blank,EF2008C,2008
C,Analyst corrected reported value,EF2008C,2008
D,Do not know,EF2008C,2008
G,Data generated from other data values,EF2008C,2008
H,Value not derived - data not usable,EF2008C,2008
J,Logical imputation,EF2008C,2008
K,Ratio adjustment,EF2008C,2008
L,Imputed using the Group Median procedure,EF2008C,2008
N,Imputed using Nearest Neighbor procedure,EF2008C,2008
P,Imputed using Carry Forward procedure,EF2008C,2008
R,Reported,EF2008C,2008
Z,Implied zero;,EF2008C,2008
A,Not applicable,EF2008D,2008
B,Institution left item blank,EF2008D,2008
C,Analyst corrected reported value,EF2008D,2008
D,Do not know,EF2008D,2008
G,Data generated from other data values,EF2008D,2008
H,Value not derived - data not usable,EF2008D,2008
J,Logical imputation,EF2008D,2008
K,Ratio adjustment,EF2008D,2008
L,Imputed using the Group Median procedure,EF2008D,2008
N,Imputed using Nearest Neighbor procedure,EF2008D,2008
P,Imputed using Carry Forward procedure,EF2008D,2008
R,Reported,EF2008D,2008
Z,Implied zero;,EF2008D,2008
A,Not applicable,EFFY2008,2008
B,Institution left item blank,EFFY2008,2008
C,Analyst corrected reported value,EFFY2008,2008
D,Do not know,EFFY2008,2008
G,Data generated from other data values,EFFY2008,2008
H,Value not derived - data not usable,EFFY2008,2008
J,Logical imputation,EFFY2008,2008
K,Ratio adjustment,EFFY2008,2008
L,Imputed using the Group Median procedure,EFFY2008,2008
N,Imputed using Nearest Neighbor procedure,EFFY2008,2008
P,Imputed using Carry Forward procedure,EFFY2008,2008
R,Reported,EFFY2008,2008
Z,Implied zero;,EFFY2008,2008
A,Not applicable,EFIA2008,2008
B,Institution left item blank,EFIA2008,2008
C,Analyst corrected reported value,EFIA2008,2008
D,Do not know,EFIA2008,2008
G,Data generated from other data values,EFIA2008,2008
H,Value not derived - data not usable,EFIA2008,2008
J,Logical imputation,EFIA2008,2008
K,Ratio adjustment,EFIA2008,2008
L,Imputed using the Group Median procedure,EFIA2008,2008
N,Imputed using Nearest Neighbor procedure,EFIA2008,2008
P,Imputed using Carry Forward procedure,EFIA2008,2008
R,Reported,EFIA2008,2008
Z,Implied zero;,EFIA2008,2008
A,Not applicable,F0708_F1A,2008
B,Institution left item blank,F0708_F1A,2008
C,Analyst corrected reported value,F0708_F1A,2008
D,Do not know,F0708_F1A,2008
G,Data generated from other data values,F0708_F1A,2008
H,Value not derived - data not usable,F0708_F1A,2008
J,Logical imputation,F0708_F1A,2008
K,Ratio adjustment,F0708_F1A,2008
L,Imputed using the Group Median procedure,F0708_F1A,2008
N,Imputed using Nearest Neighbor procedure,F0708_F1A,2008
P,Imputed using Carry Forward procedure,F0708_F1A,2008
R,Reported,F0708_F1A,2008
Z,Implied zero;,F0708_F1A,2008
A,Not applicable,F0708_F2,2008
B,Institution left item blank,F0708_F2,2008
C,Analyst corrected reported value,F0708_F2,2008
D,Do not know,F0708_F2,2008
G,Data generated from other data values,F0708_F2,2008
H,Value not derived - data not usable,F0708_F2,2008
J,Logical imputation,F0708_F2,2008
K,Ratio adjustment,F0708_F2,2008
L,Imputed using the Group Median procedure,F0708_F2,2008
N,Imputed using Nearest Neighbor procedure,F0708_F2,2008
P,Imputed using Carry Forward procedure,F0708_F2,2008
R,Reported,F0708_F2,2008
Z,Implied zero;,F0708_F2,2008
A,Not applicable,F0708_F3,2008
B,Institution left item blank,F0708_F3,2008
C,Analyst corrected reported value,F0708_F3,2008
D,Do not know,F0708_F3,2008
G,Data generated from other data values,F0708_F3,2008
H,Value not derived - data not usable,F0708_F3,2008
J,Logical imputation,F0708_F3,2008
K,Ratio adjustment,F0708_F3,2008
L,Imputed using the Group Median procedure,F0708_F3,2008
N,Imputed using Nearest Neighbor procedure,F0708_F3,2008
P,Imputed using Carry Forward procedure,F0708_F3,2008
R,Reported,F0708_F3,2008
Z,Implied zero;,F0708_F3,2008
A,Not applicable,GR200_08,2008
B,Institution left item blank,GR200_08,2008
C,Analyst corrected reported value,GR200_08,2008
D,Do not know,GR200_08,2008
G,Data generated from other data values,GR200_08,2008
H,Value not derived - data not usable,GR200_08,2008
J,Logical imputation,GR200_08,2008
K,Ratio adjustment,GR200_08,2008
L,Imputed using the Group Median procedure,GR200_08,2008
N,Imputed using Nearest Neighbor procedure,GR200_08,2008
P,Imputed using Carry Forward procedure,GR200_08,2008
R,Reported,GR200_08,2008
Z,Implied zero;,GR200_08,2008
A,Not applicable,GR2008,2008
B,Institution left item blank,GR2008,2008
C,Analyst corrected reported value,GR2008,2008
D,Do not know,GR2008,2008
G,Data generated from other data values,GR2008,2008
H,Value not derived - data not usable,GR2008,2008
J,Logical imputation,GR2008,2008
K,Ratio adjustment,GR2008,2008
L,Imputed using the Group Median procedure,GR2008,2008
N,Imputed using Nearest Neighbor procedure,GR2008,2008
P,Imputed using Carry Forward procedure,GR2008,2008
R,Reported,GR2008,2008
Z,Implied zero;,GR2008,2008
A,Not applicable,GR2008_L2,2008
B,Institution left item blank,GR2008_L2,2008
C,Analyst corrected reported value,GR2008_L2,2008
D,Do not know,GR2008_L2,2008
G,Data generated from other data values,GR2008_L2,2008
H,Value not derived - data not usable,GR2008_L2,2008
J,Logical imputation,GR2008_L2,2008
K,Ratio adjustment,GR2008_L2,2008
L,Imputed using the Group Median procedure,GR2008_L2,2008
N,Imputed using Nearest Neighbor procedure,GR2008_L2,2008
P,Imputed using Carry Forward procedure,GR2008_L2,2008
R,Reported,GR2008_L2,2008
Z,Implied zero;,GR2008_L2,2008
A,Not applicable,IC2008_AY,2008
B,Institution left item blank,IC2008_AY,2008
C,Analyst corrected reported value,IC2008_AY,2008
D,Do not know,IC2008_AY,2008
G,Data generated from other data values,IC2008_AY,2008
H,Value not derived - data not usable,IC2008_AY,2008
J,Logical imputation,IC2008_AY,2008
K,Ratio adjustment,IC2008_AY,2008
L,Imputed using the Group Median procedure,IC2008_AY,2008
N,Imputed using Nearest Neighbor procedure,IC2008_AY,2008
P,Imputed using Carry Forward procedure,IC2008_AY,2008
R,Reported,IC2008_AY,2008
Y,Particular Doctor's professional practice field not applicable,IC2008_AY,2008
Z,Implied zero;,IC2008_AY,2008
A,Not applicable,IC2008,2008
B,Institution left item blank,IC2008,2008
C,Analyst corrected reported value,IC2008,2008
D,Do not know,IC2008,2008
G,Data generated from other data values,IC2008,2008
H,Value not derived - data not usable,IC2008,2008
J,Logical imputation,IC2008,2008
K,Ratio adjustment,IC2008,2008
L,Imputed using the Group Median procedure,IC2008,2008
N,Imputed using Nearest Neighbor procedure,IC2008,2008
P,Imputed using Carry Forward procedure,IC2008,2008
R,Reported,IC2008,2008
Z,Implied zero;,IC2008,2008
A,Not applicable,IC2008_PY,2008
B,Institution left item blank,IC2008_PY,2008
C,Analyst corrected reported value,IC2008_PY,2008
D,Do not know,IC2008_PY,2008
G,Data generated from other data values,IC2008_PY,2008
H,Value not derived - data not usable,IC2008_PY,2008
J,Logical imputation,IC2008_PY,2008
K,Ratio adjustment,IC2008_PY,2008
L,Imputed using the Group Median procedure,IC2008_PY,2008
N,Imputed using Nearest Neighbor procedure,IC2008_PY,2008
P,Imputed using Carry Forward procedure,IC2008_PY,2008
R,Reported,IC2008_PY,2008
Z,Implied zero;,IC2008_PY,2008
A,Not applicable,S2008_ABD,2008
B,Institution left item blank,S2008_ABD,2008
C,Analyst corrected reported value,S2008_ABD,2008
D,Do not know,S2008_ABD,2008
G,Data generated from other data values,S2008_ABD,2008
H,Value not derived - data not usable,S2008_ABD,2008
J,Logical imputation,S2008_ABD,2008
K,Ratio adjustment,S2008_ABD,2008
L,Imputed using the Group Median procedure,S2008_ABD,2008
N,Imputed using Nearest Neighbor procedure,S2008_ABD,2008
P,Imputed using Carry Forward procedure,S2008_ABD,2008
R,Reported,S2008_ABD,2008
Z,Implied zero;,S2008_ABD,2008
A,Not applicable,S2008_CN,2008
B,Institution left item blank,S2008_CN,2008
C,Analyst corrected reported value,S2008_CN,2008
D,Do not know,S2008_CN,2008
G,Data generated from other data values,S2008_CN,2008
H,Value not derived - data not usable,S2008_CN,2008
J,Logical imputation,S2008_CN,2008
K,Ratio adjustment,S2008_CN,2008
L,Imputed using the Group Median procedure,S2008_CN,2008
N,Imputed using Nearest Neighbor procedure,S2008_CN,2008
P,Imputed using Carry Forward procedure,S2008_CN,2008
R,Reported,S2008_CN,2008
Z,Implied zero;,S2008_CN,2008
A,Not applicable,S2008_F,2008
B,Institution left item blank,S2008_F,2008
C,Analyst corrected reported value,S2008_F,2008
D,Do not know,S2008_F,2008
G,Data generated from other data values,S2008_F,2008
H,Value not derived - data not usable,S2008_F,2008
J,Logical imputation,S2008_F,2008
K,Ratio adjustment,S2008_F,2008
L,Imputed using the Group Median procedure,S2008_F,2008
N,Imputed using Nearest Neighbor procedure,S2008_F,2008
P,Imputed using Carry Forward procedure,S2008_F,2008
R,Reported,S2008_F,2008
Z,Implied zero;,S2008_F,2008
A,Not applicable,S2008_G,2008
B,Institution left item blank,S2008_G,2008
C,Analyst corrected reported value,S2008_G,2008
D,Do not know,S2008_G,2008
G,Data generated from other data values,S2008_G,2008
H,Value not derived - data not usable,S2008_G,2008
J,Logical imputation,S2008_G,2008
K,Ratio adjustment,S2008_G,2008
L,Imputed using the Group Median procedure,S2008_G,2008
N,Imputed using Nearest Neighbor procedure,S2008_G,2008
P,Imputed using Carry Forward procedure,S2008_G,2008
R,Reported,S2008_G,2008
Z,Implied zero;,S2008_G,2008
A,Not applicable,SAL2008_A,2008
B,Institution left item blank,SAL2008_A,2008
C,Analyst corrected reported value,SAL2008_A,2008
D,Do not know,SAL2008_A,2008
G,Data generated from other data values,SAL2008_A,2008
H,Value not derived - data not usable,SAL2008_A,2008
J,Logical imputation,SAL2008_A,2008
K,Ratio adjustment,SAL2008_A,2008
L,Imputed using the Group Median procedure,SAL2008_A,2008
N,Imputed using Nearest Neighbor procedure,SAL2008_A,2008
P,Imputed using Carry Forward procedure,SAL2008_A,2008
R,Reported,SAL2008_A,2008
Z,Implied zero;,SAL2008_A,2008
A,Not applicable,SAL2008_A_LT9,2008
B,Institution left item blank,SAL2008_A_LT9,2008
C,Analyst corrected reported value,SAL2008_A_LT9,2008
D,Do not know,SAL2008_A_LT9,2008
G,Data generated from other data values,SAL2008_A_LT9,2008
H,Value not derived - data not usable,SAL2008_A_LT9,2008
J,Logical imputation,SAL2008_A_LT9,2008
K,Ratio adjustment,SAL2008_A_LT9,2008
L,Imputed using the Group Median procedure,SAL2008_A_LT9,2008
N,Imputed using Nearest Neighbor procedure,SAL2008_A_LT9,2008
P,Imputed using Carry Forward procedure,SAL2008_A_LT9,2008
R,Reported,SAL2008_A_LT9,2008
Z,Implied zero;,SAL2008_A_LT9,2008
A,Not applicable,SAL2008_B,2008
B,Institution left item blank,SAL2008_B,2008
C,Analyst corrected reported value,SAL2008_B,2008
D,Do not know,SAL2008_B,2008
G,Data generated from other data values,SAL2008_B,2008
H,Value not derived - data not usable,SAL2008_B,2008
J,Logical imputation,SAL2008_B,2008
K,Ratio adjustment,SAL2008_B,2008
L,Imputed using the Group Median procedure,SAL2008_B,2008
N,Imputed using Nearest Neighbor procedure,SAL2008_B,2008
P,Imputed using Carry Forward procedure,SAL2008_B,2008
R,Reported,SAL2008_B,2008
Z,Implied zero;,SAL2008_B,2008
A,Not applicable,SAL2008_FACULTY,2008
B,Institution left item blank,SAL2008_FACULTY,2008
C,Analyst corrected reported value,SAL2008_FACULTY,2008
D,Do not know,SAL2008_FACULTY,2008
G,Data generated from other data values,SAL2008_FACULTY,2008
H,Value not derived - data not usable,SAL2008_FACULTY,2008
J,Logical imputation,SAL2008_FACULTY,2008
K,Ratio adjustment,SAL2008_FACULTY,2008
L,Imputed using the Group Median procedure,SAL2008_FACULTY,2008
N,Imputed using Nearest Neighbor procedure,SAL2008_FACULTY,2008
P,Imputed using Carry Forward procedure,SAL2008_FACULTY,2008
R,Reported,SAL2008_FACULTY,2008
Z,Implied zero;,SAL2008_FACULTY,2008
A,Not applicable,SFA0708,2008
B,Institution left item blank,SFA0708,2008
C,Analyst corrected reported value,SFA0708,2008
D,Do not know,SFA0708,2008
G,Data generated from other data values,SFA0708,2008
H,Value not derived - data not usable,SFA0708,2008
J,Logical imputation,SFA0708,2008
K,Ratio adjustment,SFA0708,2008
L,Imputed using the Group Median procedure,SFA0708,2008
N,Imputed using Nearest Neighbor procedure,SFA0708,2008
P,Imputed using Carry Forward procedure,SFA0708,2008
R,Reported,SFA0708,2008
Z,Implied zero;,SFA0708,2008
A,Not applicable,EAP2009.XLS,2009
B,Institution left item blank,EAP2009.XLS,2009
C,Analyst corrected reported value,EAP2009.XLS,2009
D,Do not know,EAP2009.XLS,2009
G,Data generated from other data values,EAP2009.XLS,2009
H,Value not derived - data not usable,EAP2009.XLS,2009
J,Logical imputation,EAP2009.XLS,2009
K,Ratio adjustment,EAP2009.XLS,2009
L,Imputed using the Group Median procedure,EAP2009.XLS,2009
N,Imputed using Nearest Neighbor procedure,EAP2009.XLS,2009
P,Imputed using Carry Forward procedure,EAP2009.XLS,2009
R,Reported,EAP2009.XLS,2009
Z,Implied zero;,EAP2009.XLS,2009
A,Not applicable,EF2009A.XLS,2009
B,Institution left item blank,EF2009A.XLS,2009
C,Analyst corrected reported value,EF2009A.XLS,2009
D,Do not know,EF2009A.XLS,2009
G,Data generated from other data values,EF2009A.XLS,2009
H,Value not derived - data not usable,EF2009A.XLS,2009
J,Logical imputation,EF2009A.XLS,2009
K,Ratio adjustment,EF2009A.XLS,2009
L,Imputed using the Group Median procedure,EF2009A.XLS,2009
N,Imputed using Nearest Neighbor procedure,EF2009A.XLS,2009
P,Imputed using Carry Forward procedure,EF2009A.XLS,2009
R,Reported,EF2009A.XLS,2009
Z,Implied zero;,EF2009A.XLS,2009
A,Not applicable,EF2009B.XLS,2009
B,Institution left item blank,EF2009B.XLS,2009
C,Analyst corrected reported value,EF2009B.XLS,2009
D,Do not know,EF2009B.XLS,2009
G,Data generated from other data values,EF2009B.XLS,2009
H,Value not derived - data not usable,EF2009B.XLS,2009
J,Logical imputation,EF2009B.XLS,2009
K,Ratio adjustment,EF2009B.XLS,2009
L,Imputed using the Group Median procedure,EF2009B.XLS,2009
N,Imputed using Nearest Neighbor procedure,EF2009B.XLS,2009
P,Imputed using Carry Forward procedure,EF2009B.XLS,2009
R,Reported,EF2009B.XLS,2009
Z,Implied zero;,EF2009B.XLS,2009
A,Not applicable,EF2009C.XLS,2009
B,Institution left item blank,EF2009C.XLS,2009
C,Analyst corrected reported value,EF2009C.XLS,2009
D,Do not know,EF2009C.XLS,2009
G,Data generated from other data values,EF2009C.XLS,2009
H,Value not derived - data not usable,EF2009C.XLS,2009
J,Logical imputation,EF2009C.XLS,2009
K,Ratio adjustment,EF2009C.XLS,2009
L,Imputed using the Group Median procedure,EF2009C.XLS,2009
N,Imputed using Nearest Neighbor procedure,EF2009C.XLS,2009
P,Imputed using Carry Forward procedure,EF2009C.XLS,2009
R,Reported,EF2009C.XLS,2009
Z,Implied zero;,EF2009C.XLS,2009
A,Not applicable,EF2009D.XLS,2009
B,Institution left item blank,EF2009D.XLS,2009
C,Analyst corrected reported value,EF2009D.XLS,2009
D,Do not know,EF2009D.XLS,2009
G,Data generated from other data values,EF2009D.XLS,2009
H,Value not derived - data not usable,EF2009D.XLS,2009
J,Logical imputation,EF2009D.XLS,2009
K,Ratio adjustment,EF2009D.XLS,2009
L,Imputed using the Group Median procedure,EF2009D.XLS,2009
N,Imputed using Nearest Neighbor procedure,EF2009D.XLS,2009
P,Imputed using Carry Forward procedure,EF2009D.XLS,2009
R,Reported,EF2009D.XLS,2009
Z,Implied zero;,EF2009D.XLS,2009
A,Not applicable,EFFY2009.XLS,2009
B,Institution left item blank,EFFY2009.XLS,2009
C,Analyst corrected reported value,EFFY2009.XLS,2009
D,Do not know,EFFY2009.XLS,2009
G,Data generated from other data values,EFFY2009.XLS,2009
H,Value not derived - data not usable,EFFY2009.XLS,2009
J,Logical imputation,EFFY2009.XLS,2009
K,Ratio adjustment,EFFY2009.XLS,2009
L,Imputed using the Group Median procedure,EFFY2009.XLS,2009
N,Imputed using Nearest Neighbor procedure,EFFY2009.XLS,2009
P,Imputed using Carry Forward procedure,EFFY2009.XLS,2009
R,Reported,EFFY2009.XLS,2009
Z,Implied zero;,EFFY2009.XLS,2009
A,Not applicable,EFIA2009.XLS,2009
B,Institution left item blank,EFIA2009.XLS,2009
C,Analyst corrected reported value,EFIA2009.XLS,2009
D,Do not know,EFIA2009.XLS,2009
G,Data generated from other data values,EFIA2009.XLS,2009
H,Value not derived - data not usable,EFIA2009.XLS,2009
J,Logical imputation,EFIA2009.XLS,2009
K,Ratio adjustment,EFIA2009.XLS,2009
L,Imputed using the Group Median procedure,EFIA2009.XLS,2009
N,Imputed using Nearest Neighbor procedure,EFIA2009.XLS,2009
P,Imputed using Carry Forward procedure,EFIA2009.XLS,2009
R,Reported,EFIA2009.XLS,2009
Z,Implied zero;,EFIA2009.XLS,2009
A,Not applicable,F0809_F1A.XLS,2009
B,Institution left item blank,F0809_F1A.XLS,2009
C,Analyst corrected reported value,F0809_F1A.XLS,2009
D,Do not know,F0809_F1A.XLS,2009
G,Data generated from other data values,F0809_F1A.XLS,2009
H,Value not derived - data not usable,F0809_F1A.XLS,2009
J,Logical imputation,F0809_F1A.XLS,2009
K,Ratio adjustment,F0809_F1A.XLS,2009
L,Imputed using the Group Median procedure,F0809_F1A.XLS,2009
N,Imputed using Nearest Neighbor procedure,F0809_F1A.XLS,2009
P,Imputed using Carry Forward procedure,F0809_F1A.XLS,2009
R,Reported,F0809_F1A.XLS,2009
Z,Implied zero;,F0809_F1A.XLS,2009
A,Not applicable,F0809_F2.XLS,2009
B,Institution left item blank,F0809_F2.XLS,2009
C,Analyst corrected reported value,F0809_F2.XLS,2009
D,Do not know,F0809_F2.XLS,2009
G,Data generated from other data values,F0809_F2.XLS,2009
H,Value not derived - data not usable,F0809_F2.XLS,2009
J,Logical imputation,F0809_F2.XLS,2009
K,Ratio adjustment,F0809_F2.XLS,2009
L,Imputed using the Group Median procedure,F0809_F2.XLS,2009
N,Imputed using Nearest Neighbor procedure,F0809_F2.XLS,2009
P,Imputed using Carry Forward procedure,F0809_F2.XLS,2009
R,Reported,F0809_F2.XLS,2009
Z,Implied zero;,F0809_F2.XLS,2009
A,Not applicable,F0809_F3.XLS,2009
B,Institution left item blank,F0809_F3.XLS,2009
C,Analyst corrected reported value,F0809_F3.XLS,2009
D,Do not know,F0809_F3.XLS,2009
G,Data generated from other data values,F0809_F3.XLS,2009
H,Value not derived - data not usable,F0809_F3.XLS,2009
J,Logical imputation,F0809_F3.XLS,2009
K,Ratio adjustment,F0809_F3.XLS,2009
L,Imputed using the Group Median procedure,F0809_F3.XLS,2009
N,Imputed using Nearest Neighbor procedure,F0809_F3.XLS,2009
P,Imputed using Carry Forward procedure,F0809_F3.XLS,2009
R,Reported,F0809_F3.XLS,2009
Z,Implied zero;,F0809_F3.XLS,2009
A,Not applicable,GR200_09.XLS,2009
B,Institution left item blank,GR200_09.XLS,2009
C,Analyst corrected reported value,GR200_09.XLS,2009
D,Do not know,GR200_09.XLS,2009
G,Data generated from other data values,GR200_09.XLS,2009
H,Value not derived - data not usable,GR200_09.XLS,2009
J,Logical imputation,GR200_09.XLS,2009
K,Ratio adjustment,GR200_09.XLS,2009
L,Imputed using the Group Median procedure,GR200_09.XLS,2009
N,Imputed using Nearest Neighbor procedure,GR200_09.XLS,2009
P,Imputed using Carry Forward procedure,GR200_09.XLS,2009
R,Reported,GR200_09.XLS,2009
Z,Implied zero;,GR200_09.XLS,2009
A,Not applicable,GR2009.XLS,2009
B,Institution left item blank,GR2009.XLS,2009
C,Analyst corrected reported value,GR2009.XLS,2009
D,Do not know,GR2009.XLS,2009
G,Data generated from other data values,GR2009.XLS,2009
H,Value not derived - data not usable,GR2009.XLS,2009
J,Logical imputation,GR2009.XLS,2009
K,Ratio adjustment,GR2009.XLS,2009
L,Imputed using the Group Median procedure,GR2009.XLS,2009
N,Imputed using Nearest Neighbor procedure,GR2009.XLS,2009
P,Imputed using Carry Forward procedure,GR2009.XLS,2009
R,Reported,GR2009.XLS,2009
Z,Implied zero;,GR2009.XLS,2009
A,Not applicable,GR2009_L2.XLS,2009
B,Institution left item blank,GR2009_L2.XLS,2009
C,Analyst corrected reported value,GR2009_L2.XLS,2009
D,Do not know,GR2009_L2.XLS,2009
G,Data generated from other data values,GR2009_L2.XLS,2009
H,Value not derived - data not usable,GR2009_L2.XLS,2009
J,Logical imputation,GR2009_L2.XLS,2009
K,Ratio adjustment,GR2009_L2.XLS,2009
L,Imputed using the Group Median procedure,GR2009_L2.XLS,2009
N,Imputed using Nearest Neighbor procedure,GR2009_L2.XLS,2009
P,Imputed using Carry Forward procedure,GR2009_L2.XLS,2009
R,Reported,GR2009_L2.XLS,2009
Z,Implied zero;,GR2009_L2.XLS,2009
A,Not applicable,IC2009_AY.XLS,2009
B,Institution left item blank,IC2009_AY.XLS,2009
C,Analyst corrected reported value,IC2009_AY.XLS,2009
D,Do not know,IC2009_AY.XLS,2009
G,Data generated from other data values,IC2009_AY.XLS,2009
H,Value not derived - data not usable,IC2009_AY.XLS,2009
J,Logical imputation,IC2009_AY.XLS,2009
K,Ratio adjustment,IC2009_AY.XLS,2009
L,Imputed using the Group Median procedure,IC2009_AY.XLS,2009
N,Imputed using Nearest Neighbor procedure,IC2009_AY.XLS,2009
P,Imputed using Carry Forward procedure,IC2009_AY.XLS,2009
R,Reported,IC2009_AY.XLS,2009
Y,Particular Doctor's professional practice field not applicable,IC2009_AY.XLS,2009
Z,Implied zero;,IC2009_AY.XLS,2009
A,Not applicable,IC2009.XLS,2009
B,Institution left item blank,IC2009.XLS,2009
C,Analyst corrected reported value,IC2009.XLS,2009
D,Do not know,IC2009.XLS,2009
G,Data generated from other data values,IC2009.XLS,2009
H,Value not derived - data not usable,IC2009.XLS,2009
J,Logical imputation,IC2009.XLS,2009
K,Ratio adjustment,IC2009.XLS,2009
L,Imputed using the Group Median procedure,IC2009.XLS,2009
N,Imputed using Nearest Neighbor procedure,IC2009.XLS,2009
P,Imputed using Carry Forward procedure,IC2009.XLS,2009
R,Reported,IC2009.XLS,2009
Z,Implied zero;,IC2009.XLS,2009
A,Not applicable,IC2009_PY.XLS,2009
B,Institution left item blank,IC2009_PY.XLS,2009
C,Analyst corrected reported value,IC2009_PY.XLS,2009
D,Do not know,IC2009_PY.XLS,2009
G,Data generated from other data values,IC2009_PY.XLS,2009
H,Value not derived - data not usable,IC2009_PY.XLS,2009
J,Logical imputation,IC2009_PY.XLS,2009
K,Ratio adjustment,IC2009_PY.XLS,2009
L,Imputed using the Group Median procedure,IC2009_PY.XLS,2009
N,Imputed using Nearest Neighbor procedure,IC2009_PY.XLS,2009
P,Imputed using Carry Forward procedure,IC2009_PY.XLS,2009
R,Reported,IC2009_PY.XLS,2009
Z,Implied zero;,IC2009_PY.XLS,2009
A,Not applicable,S2009_ABD.XLS,2009
B,Institution left item blank,S2009_ABD.XLS,2009
C,Analyst corrected reported value,S2009_ABD.XLS,2009
D,Do not know,S2009_ABD.XLS,2009
G,Data generated from other data values,S2009_ABD.XLS,2009
H,Value not derived - data not usable,S2009_ABD.XLS,2009
J,Logical imputation,S2009_ABD.XLS,2009
K,Ratio adjustment,S2009_ABD.XLS,2009
L,Imputed using the Group Median procedure,S2009_ABD.XLS,2009
N,Imputed using Nearest Neighbor procedure,S2009_ABD.XLS,2009
P,Imputed using Carry Forward procedure,S2009_ABD.XLS,2009
R,Reported,S2009_ABD.XLS,2009
Z,Implied zero;,S2009_ABD.XLS,2009
A,Not applicable,S2009_CN.XLS,2009
B,Institution left item blank,S2009_CN.XLS,2009
C,Analyst corrected reported value,S2009_CN.XLS,2009
D,Do not know,S2009_CN.XLS,2009
G,Data generated from other data values,S2009_CN.XLS,2009
H,Value not derived - data not usable,S2009_CN.XLS,2009
J,Logical imputation,S2009_CN.XLS,2009
K,Ratio adjustment,S2009_CN.XLS,2009
L,Imputed using the Group Median procedure,S2009_CN.XLS,2009
N,Imputed using Nearest Neighbor procedure,S2009_CN.XLS,2009
P,Imputed using Carry Forward procedure,S2009_CN.XLS,2009
R,Reported,S2009_CN.XLS,2009
Z,Implied zero;,S2009_CN.XLS,2009
A,Not applicable,S2009_F.XLS,2009
B,Institution left item blank,S2009_F.XLS,2009
C,Analyst corrected reported value,S2009_F.XLS,2009
D,Do not know,S2009_F.XLS,2009
G,Data generated from other data values,S2009_F.XLS,2009
H,Value not derived - data not usable,S2009_F.XLS,2009
J,Logical imputation,S2009_F.XLS,2009
K,Ratio adjustment,S2009_F.XLS,2009
L,Imputed using the Group Median procedure,S2009_F.XLS,2009
N,Imputed using Nearest Neighbor procedure,S2009_F.XLS,2009
P,Imputed using Carry Forward procedure,S2009_F.XLS,2009
R,Reported,S2009_F.XLS,2009
Z,Implied zero;,S2009_F.XLS,2009
A,Not applicable,S2009_G.XLS,2009
B,Institution left item blank,S2009_G.XLS,2009
C,Analyst corrected reported value,S2009_G.XLS,2009
D,Do not know,S2009_G.XLS,2009
G,Data generated from other data values,S2009_G.XLS,2009
H,Value not derived - data not usable,S2009_G.XLS,2009
J,Logical imputation,S2009_G.XLS,2009
K,Ratio adjustment,S2009_G.XLS,2009
L,Imputed using the Group Median procedure,S2009_G.XLS,2009
N,Imputed using Nearest Neighbor procedure,S2009_G.XLS,2009
P,Imputed using Carry Forward procedure,S2009_G.XLS,2009
R,Reported,S2009_G.XLS,2009
Z,Implied zero;,S2009_G.XLS,2009
A,Not applicable,SAL2009_A.XLS,2009
B,Institution left item blank,SAL2009_A.XLS,2009
C,Analyst corrected reported value,SAL2009_A.XLS,2009
D,Do not know,SAL2009_A.XLS,2009
G,Data generated from other data values,SAL2009_A.XLS,2009
H,Value not derived - data not usable,SAL2009_A.XLS,2009
J,Logical imputation,SAL2009_A.XLS,2009
K,Ratio adjustment,SAL2009_A.XLS,2009
L,Imputed using the Group Median procedure,SAL2009_A.XLS,2009
N,Imputed using Nearest Neighbor procedure,SAL2009_A.XLS,2009
P,Imputed using Carry Forward procedure,SAL2009_A.XLS,2009
R,Reported,SAL2009_A.XLS,2009
Z,Implied zero;,SAL2009_A.XLS,2009
A,Not applicable,SAL2009_A_LT9.XLS,2009
B,Institution left item blank,SAL2009_A_LT9.XLS,2009
C,Analyst corrected reported value,SAL2009_A_LT9.XLS,2009
D,Do not know,SAL2009_A_LT9.XLS,2009
G,Data generated from other data values,SAL2009_A_LT9.XLS,2009
H,Value not derived - data not usable,SAL2009_A_LT9.XLS,2009
J,Logical imputation,SAL2009_A_LT9.XLS,2009
K,Ratio adjustment,SAL2009_A_LT9.XLS,2009
L,Imputed using the Group Median procedure,SAL2009_A_LT9.XLS,2009
N,Imputed using Nearest Neighbor procedure,SAL2009_A_LT9.XLS,2009
P,Imputed using Carry Forward procedure,SAL2009_A_LT9.XLS,2009
R,Reported,SAL2009_A_LT9.XLS,2009
Z,Implied zero;,SAL2009_A_LT9.XLS,2009
A,Not applicable,SAL2009_B.XLS,2009
B,Institution left item blank,SAL2009_B.XLS,2009
C,Analyst corrected reported value,SAL2009_B.XLS,2009
D,Do not know,SAL2009_B.XLS,2009
G,Data generated from other data values,SAL2009_B.XLS,2009
H,Value not derived - data not usable,SAL2009_B.XLS,2009
J,Logical imputation,SAL2009_B.XLS,2009
K,Ratio adjustment,SAL2009_B.XLS,2009
L,Imputed using the Group Median procedure,SAL2009_B.XLS,2009
N,Imputed using Nearest Neighbor procedure,SAL2009_B.XLS,2009
P,Imputed using Carry Forward procedure,SAL2009_B.XLS,2009
R,Reported,SAL2009_B.XLS,2009
Z,Implied zero;,SAL2009_B.XLS,2009
A,Not applicable,SAL2009_FACULTY.XLS,2009
B,Institution left item blank,SAL2009_FACULTY.XLS,2009
C,Analyst corrected reported value,SAL2009_FACULTY.XLS,2009
D,Do not know,SAL2009_FACULTY.XLS,2009
G,Data generated from other data values,SAL2009_FACULTY.XLS,2009
H,Value not derived - data not usable,SAL2009_FACULTY.XLS,2009
J,Logical imputation,SAL2009_FACULTY.XLS,2009
K,Ratio adjustment,SAL2009_FACULTY.XLS,2009
L,Imputed using the Group Median procedure,SAL2009_FACULTY.XLS,2009
N,Imputed using Nearest Neighbor procedure,SAL2009_FACULTY.XLS,2009
P,Imputed using Carry Forward procedure,SAL2009_FACULTY.XLS,2009
R,Reported,SAL2009_FACULTY.XLS,2009
Z,Implied zero;,SAL2009_FACULTY.XLS,2009
A,Not applicable,SFA0809.XLS,2009
B,Institution left item blank,SFA0809.XLS,2009
C,Analyst corrected reported value,SFA0809.XLS,2009
D,Do not know,SFA0809.XLS,2009
G,Data generated from other data values,SFA0809.XLS,2009
H,Value not derived - data not usable,SFA0809.XLS,2009
J,Logical imputation,SFA0809.XLS,2009
K,Ratio adjustment,SFA0809.XLS,2009
L,Imputed using the Group Median procedure,SFA0809.XLS,2009
N,Imputed using Nearest Neighbor procedure,SFA0809.XLS,2009
P,Imputed using Carry Forward procedure,SFA0809.XLS,2009
R,Reported,SFA0809.XLS,2009
Z,Implied zero;,SFA0809.XLS,2009
A,Not applicable,EAP2010.XLS,2010
B,Institution left item blank,EAP2010.XLS,2010
C,Analyst corrected reported value,EAP2010.XLS,2010
D,Do not know,EAP2010.XLS,2010
G,Data generated from other data values,EAP2010.XLS,2010
H,Value not derived - data not usable,EAP2010.XLS,2010
J,Logical imputation,EAP2010.XLS,2010
K,Ratio adjustment,EAP2010.XLS,2010
L,Imputed using the Group Median procedure,EAP2010.XLS,2010
N,Imputed using Nearest Neighbor procedure,EAP2010.XLS,2010
P,Imputed using Carry Forward procedure,EAP2010.XLS,2010
R,Reported,EAP2010.XLS,2010
Z,Implied zero;,EAP2010.XLS,2010
A,Not applicable,EF2010A.XLS,2010
B,Institution left item blank,EF2010A.XLS,2010
C,Analyst corrected reported value,EF2010A.XLS,2010
D,Do not know,EF2010A.XLS,2010
G,Data generated from other data values,EF2010A.XLS,2010
H,Value not derived - data not usable,EF2010A.XLS,2010
J,Logical imputation,EF2010A.XLS,2010
K,Ratio adjustment,EF2010A.XLS,2010
L,Imputed using the Group Median procedure,EF2010A.XLS,2010
N,Imputed using Nearest Neighbor procedure,EF2010A.XLS,2010
P,Imputed using Carry Forward procedure,EF2010A.XLS,2010
R,Reported,EF2010A.XLS,2010
Z,Implied zero;,EF2010A.XLS,2010
A,Not applicable,EF2010B.XLS,2010
B,Institution left item blank,EF2010B.XLS,2010
C,Analyst corrected reported value,EF2010B.XLS,2010
D,Do not know,EF2010B.XLS,2010
G,Data generated from other data values,EF2010B.XLS,2010
H,Value not derived - data not usable,EF2010B.XLS,2010
J,Logical imputation,EF2010B.XLS,2010
K,Ratio adjustment,EF2010B.XLS,2010
L,Imputed using the Group Median procedure,EF2010B.XLS,2010
N,Imputed using Nearest Neighbor procedure,EF2010B.XLS,2010
P,Imputed using Carry Forward procedure,EF2010B.XLS,2010
R,Reported,EF2010B.XLS,2010
Z,Implied zero;,EF2010B.XLS,2010
A,Not applicable,EF2010C.XLS,2010
B,Institution left item blank,EF2010C.XLS,2010
C,Analyst corrected reported value,EF2010C.XLS,2010
D,Do not know,EF2010C.XLS,2010
G,Data generated from other data values,EF2010C.XLS,2010
H,Value not derived - data not usable,EF2010C.XLS,2010
J,Logical imputation,EF2010C.XLS,2010
K,Ratio adjustment,EF2010C.XLS,2010
L,Imputed using the Group Median procedure,EF2010C.XLS,2010
N,Imputed using Nearest Neighbor procedure,EF2010C.XLS,2010
P,Imputed using Carry Forward procedure,EF2010C.XLS,2010
R,Reported,EF2010C.XLS,2010
Z,Implied zero;,EF2010C.XLS,2010
A,Not applicable,EF2010CP.XLS,2010
B,Institution left item blank,EF2010CP.XLS,2010
C,Analyst corrected reported value,EF2010CP.XLS,2010
D,Do not know,EF2010CP.XLS,2010
G,Data generated from other data values,EF2010CP.XLS,2010
H,Value not derived - data not usable,EF2010CP.XLS,2010
J,Logical imputation,EF2010CP.XLS,2010
K,Ratio adjustment,EF2010CP.XLS,2010
L,Imputed using the Group Median procedure,EF2010CP.XLS,2010
N,Imputed using Nearest Neighbor procedure,EF2010CP.XLS,2010
P,Imputed using Carry Forward procedure,EF2010CP.XLS,2010
R,Reported,EF2010CP.XLS,2010
Z,Implied zero;,EF2010CP.XLS,2010
A,Not applicable,EF2010D.XLS,2010
B,Institution left item blank,EF2010D.XLS,2010
C,Analyst corrected reported value,EF2010D.XLS,2010
D,Do not know,EF2010D.XLS,2010
G,Data generated from other data values,EF2010D.XLS,2010
H,Value not derived - data not usable,EF2010D.XLS,2010
J,Logical imputation,EF2010D.XLS,2010
K,Ratio adjustment,EF2010D.XLS,2010
L,Imputed using the Group Median procedure,EF2010D.XLS,2010
N,Imputed using Nearest Neighbor procedure,EF2010D.XLS,2010
P,Imputed using Carry Forward procedure,EF2010D.XLS,2010
R,Reported,EF2010D.XLS,2010
Z,Implied zero;,EF2010D.XLS,2010
A,Not applicable,EFFY2010.XLS,2010
B,Institution left item blank,EFFY2010.XLS,2010
C,Analyst corrected reported value,EFFY2010.XLS,2010
D,Do not know,EFFY2010.XLS,2010
G,Data generated from other data values,EFFY2010.XLS,2010
H,Value not derived - data not usable,EFFY2010.XLS,2010
J,Logical imputation,EFFY2010.XLS,2010
K,Ratio adjustment,EFFY2010.XLS,2010
L,Imputed using the Group Median procedure,EFFY2010.XLS,2010
N,Imputed using Nearest Neighbor procedure,EFFY2010.XLS,2010
P,Imputed using Carry Forward procedure,EFFY2010.XLS,2010
R,Reported,EFFY2010.XLS,2010
Z,Implied zero;,EFFY2010.XLS,2010
A,Not applicable,EFIA2010.XLS,2010
B,Institution left item blank,EFIA2010.XLS,2010
C,Analyst corrected reported value,EFIA2010.XLS,2010
D,Do not know,EFIA2010.XLS,2010
G,Data generated from other data values,EFIA2010.XLS,2010
H,Value not derived - data not usable,EFIA2010.XLS,2010
J,Logical imputation,EFIA2010.XLS,2010
K,Ratio adjustment,EFIA2010.XLS,2010
L,Imputed using the Group Median procedure,EFIA2010.XLS,2010
N,Imputed using Nearest Neighbor procedure,EFIA2010.XLS,2010
P,Imputed using Carry Forward procedure,EFIA2010.XLS,2010
R,Reported,EFIA2010.XLS,2010
Z,Implied zero;,EFIA2010.XLS,2010
A,Not applicable,F0910_F1A.XLS,2010
B,Institution left item blank,F0910_F1A.XLS,2010
C,Analyst corrected reported value,F0910_F1A.XLS,2010
D,Do not know,F0910_F1A.XLS,2010
G,Data generated from other data values,F0910_F1A.XLS,2010
H,Value not derived - data not usable,F0910_F1A.XLS,2010
J,Logical imputation,F0910_F1A.XLS,2010
K,Ratio adjustment,F0910_F1A.XLS,2010
L,Imputed using the Group Median procedure,F0910_F1A.XLS,2010
N,Imputed using Nearest Neighbor procedure,F0910_F1A.XLS,2010
P,Imputed using Carry Forward procedure,F0910_F1A.XLS,2010
R,Reported,F0910_F1A.XLS,2010
Z,Implied zero;,F0910_F1A.XLS,2010
A,Not applicable,F0910_F2.XLS,2010
B,Institution left item blank,F0910_F2.XLS,2010
C,Analyst corrected reported value,F0910_F2.XLS,2010
D,Do not know,F0910_F2.XLS,2010
G,Data generated from other data values,F0910_F2.XLS,2010
H,Value not derived - data not usable,F0910_F2.XLS,2010
J,Logical imputation,F0910_F2.XLS,2010
K,Ratio adjustment,F0910_F2.XLS,2010
L,Imputed using the Group Median procedure,F0910_F2.XLS,2010
N,Imputed using Nearest Neighbor procedure,F0910_F2.XLS,2010
P,Imputed using Carry Forward procedure,F0910_F2.XLS,2010
R,Reported,F0910_F2.XLS,2010
Z,Implied zero;,F0910_F2.XLS,2010
A,Not applicable,F0910_F3.XLS,2010
B,Institution left item blank,F0910_F3.XLS,2010
C,Analyst corrected reported value,F0910_F3.XLS,2010
D,Do not know,F0910_F3.XLS,2010
G,Data generated from other data values,F0910_F3.XLS,2010
H,Value not derived - data not usable,F0910_F3.XLS,2010
J,Logical imputation,F0910_F3.XLS,2010
K,Ratio adjustment,F0910_F3.XLS,2010
L,Imputed using the Group Median procedure,F0910_F3.XLS,2010
N,Imputed using Nearest Neighbor procedure,F0910_F3.XLS,2010
P,Imputed using Carry Forward procedure,F0910_F3.XLS,2010
R,Reported,F0910_F3.XLS,2010
Z,Implied zero;,F0910_F3.XLS,2010
A,Not applicable,GR200_10.XLS,2010
B,Institution left item blank,GR200_10.XLS,2010
C,Analyst corrected reported value,GR200_10.XLS,2010
D,Do not know,GR200_10.XLS,2010
G,Data generated from other data values,GR200_10.XLS,2010
H,Value not derived - data not usable,GR200_10.XLS,2010
J,Logical imputation,GR200_10.XLS,2010
K,Ratio adjustment,GR200_10.XLS,2010
L,Imputed using the Group Median procedure,GR200_10.XLS,2010
N,Imputed using Nearest Neighbor procedure,GR200_10.XLS,2010
P,Imputed using Carry Forward procedure,GR200_10.XLS,2010
R,Reported,GR200_10.XLS,2010
Z,Implied zero;,GR200_10.XLS,2010
A,Not applicable,GR2010.XLS,2010
B,Institution left item blank,GR2010.XLS,2010
C,Analyst corrected reported value,GR2010.XLS,2010
D,Do not know,GR2010.XLS,2010
G,Data generated from other data values,GR2010.XLS,2010
H,Value not derived - data not usable,GR2010.XLS,2010
J,Logical imputation,GR2010.XLS,2010
K,Ratio adjustment,GR2010.XLS,2010
L,Imputed using the Group Median procedure,GR2010.XLS,2010
N,Imputed using Nearest Neighbor procedure,GR2010.XLS,2010
P,Imputed using Carry Forward procedure,GR2010.XLS,2010
R,Reported,GR2010.XLS,2010
Z,Implied zero;,GR2010.XLS,2010
A,Not applicable,GR2010_L2.XLS,2010
B,Institution left item blank,GR2010_L2.XLS,2010
C,Analyst corrected reported value,GR2010_L2.XLS,2010
D,Do not know,GR2010_L2.XLS,2010
G,Data generated from other data values,GR2010_L2.XLS,2010
H,Value not derived - data not usable,GR2010_L2.XLS,2010
J,Logical imputation,GR2010_L2.XLS,2010
K,Ratio adjustment,GR2010_L2.XLS,2010
L,Imputed using the Group Median procedure,GR2010_L2.XLS,2010
N,Imputed using Nearest Neighbor procedure,GR2010_L2.XLS,2010
P,Imputed using Carry Forward procedure,GR2010_L2.XLS,2010
R,Reported,GR2010_L2.XLS,2010
Z,Implied zero;,GR2010_L2.XLS,2010
A,Not applicable,IC2010_AY.XLS,2010
B,Institution left item blank,IC2010_AY.XLS,2010
C,Analyst corrected reported value,IC2010_AY.XLS,2010
D,Do not know,IC2010_AY.XLS,2010
G,Data generated from other data values,IC2010_AY.XLS,2010
H,Value not derived - data not usable,IC2010_AY.XLS,2010
J,Logical imputation,IC2010_AY.XLS,2010
K,Ratio adjustment,IC2010_AY.XLS,2010
L,Imputed using the Group Median procedure,IC2010_AY.XLS,2010
N,Imputed using Nearest Neighbor procedure,IC2010_AY.XLS,2010
P,Imputed using Carry Forward procedure,IC2010_AY.XLS,2010
R,Reported,IC2010_AY.XLS,2010
Y,Particular Doctor's professional practice field not applicable,IC2010_AY.XLS,2010
Z,Implied zero;,IC2010_AY.XLS,2010
A,Not applicable,IC2010.XLS,2010
B,Institution left item blank,IC2010.XLS,2010
C,Analyst corrected reported value,IC2010.XLS,2010
D,Do not know,IC2010.XLS,2010
G,Data generated from other data values,IC2010.XLS,2010
H,Value not derived - data not usable,IC2010.XLS,2010
J,Logical imputation,IC2010.XLS,2010
K,Ratio adjustment,IC2010.XLS,2010
L,Imputed using the Group Median procedure,IC2010.XLS,2010
N,Imputed using Nearest Neighbor procedure,IC2010.XLS,2010
P,Imputed using Carry Forward procedure,IC2010.XLS,2010
R,Reported,IC2010.XLS,2010
Z,Implied zero;,IC2010.XLS,2010
A,Not applicable,IC2010_PY.XLS,2010
B,Institution left item blank,IC2010_PY.XLS,2010
C,Analyst corrected reported value,IC2010_PY.XLS,2010
D,Do not know,IC2010_PY.XLS,2010
G,Data generated from other data values,IC2010_PY.XLS,2010
H,Value not derived - data not usable,IC2010_PY.XLS,2010
J,Logical imputation,IC2010_PY.XLS,2010
K,Ratio adjustment,IC2010_PY.XLS,2010
L,Imputed using the Group Median procedure,IC2010_PY.XLS,2010
N,Imputed using Nearest Neighbor procedure,IC2010_PY.XLS,2010
P,Imputed using Carry Forward procedure,IC2010_PY.XLS,2010
R,Reported,IC2010_PY.XLS,2010
Z,Implied zero;,IC2010_PY.XLS,2010
A,Not applicable,S2010_ABD.XLS,2010
B,Institution left item blank,S2010_ABD.XLS,2010
C,Analyst corrected reported value,S2010_ABD.XLS,2010
D,Do not know,S2010_ABD.XLS,2010
G,Data generated from other data values,S2010_ABD.XLS,2010
H,Value not derived - data not usable,S2010_ABD.XLS,2010
J,Logical imputation,S2010_ABD.XLS,2010
K,Ratio adjustment,S2010_ABD.XLS,2010
L,Imputed using the Group Median procedure,S2010_ABD.XLS,2010
N,Imputed using Nearest Neighbor procedure,S2010_ABD.XLS,2010
P,Imputed using Carry Forward procedure,S2010_ABD.XLS,2010
R,Reported,S2010_ABD.XLS,2010
Z,Implied zero;,S2010_ABD.XLS,2010
A,Not applicable,S2010_CN.XLS,2010
B,Institution left item blank,S2010_CN.XLS,2010
C,Analyst corrected reported value,S2010_CN.XLS,2010
D,Do not know,S2010_CN.XLS,2010
G,Data generated from other data values,S2010_CN.XLS,2010
H,Value not derived - data not usable,S2010_CN.XLS,2010
J,Logical imputation,S2010_CN.XLS,2010
K,Ratio adjustment,S2010_CN.XLS,2010
L,Imputed using the Group Median procedure,S2010_CN.XLS,2010
N,Imputed using Nearest Neighbor procedure,S2010_CN.XLS,2010
P,Imputed using Carry Forward procedure,S2010_CN.XLS,2010
R,Reported,S2010_CN.XLS,2010
Z,Implied zero;,S2010_CN.XLS,2010
A,Not applicable,S2010_F.XLS,2010
B,Institution left item blank,S2010_F.XLS,2010
C,Analyst corrected reported value,S2010_F.XLS,2010
D,Do not know,S2010_F.XLS,2010
G,Data generated from other data values,S2010_F.XLS,2010
H,Value not derived - data not usable,S2010_F.XLS,2010
J,Logical imputation,S2010_F.XLS,2010
K,Ratio adjustment,S2010_F.XLS,2010
L,Imputed using the Group Median procedure,S2010_F.XLS,2010
N,Imputed using Nearest Neighbor procedure,S2010_F.XLS,2010
P,Imputed using Carry Forward procedure,S2010_F.XLS,2010
R,Reported,S2010_F.XLS,2010
Z,Implied zero;,S2010_F.XLS,2010
A,Not applicable,S2010_G.XLS,2010
B,Institution left item blank,S2010_G.XLS,2010
C,Analyst corrected reported value,S2010_G.XLS,2010
D,Do not know,S2010_G.XLS,2010
G,Data generated from other data values,S2010_G.XLS,2010
H,Value not derived - data not usable,S2010_G.XLS,2010
J,Logical imputation,S2010_G.XLS,2010
K,Ratio adjustment,S2010_G.XLS,2010
L,Imputed using the Group Median procedure,S2010_G.XLS,2010
N,Imputed using Nearest Neighbor procedure,S2010_G.XLS,2010
P,Imputed using Carry Forward procedure,S2010_G.XLS,2010
R,Reported,S2010_G.XLS,2010
Z,Implied zero;,S2010_G.XLS,2010
A,Not applicable,SAL2010_A.XLS,2010
B,Institution left item blank,SAL2010_A.XLS,2010
C,Analyst corrected reported value,SAL2010_A.XLS,2010
D,Do not know,SAL2010_A.XLS,2010
G,Data generated from other data values,SAL2010_A.XLS,2010
H,Value not derived - data not usable,SAL2010_A.XLS,2010
J,Logical imputation,SAL2010_A.XLS,2010
K,Ratio adjustment,SAL2010_A.XLS,2010
L,Imputed using the Group Median procedure,SAL2010_A.XLS,2010
N,Imputed using Nearest Neighbor procedure,SAL2010_A.XLS,2010
P,Imputed using Carry Forward procedure,SAL2010_A.XLS,2010
R,Reported,SAL2010_A.XLS,2010
Z,Implied zero;,SAL2010_A.XLS,2010
A,Not applicable,SAL2010_A_LT9.XLS,2010
B,Institution left item blank,SAL2010_A_LT9.XLS,2010
C,Analyst corrected reported value,SAL2010_A_LT9.XLS,2010
D,Do not know,SAL2010_A_LT9.XLS,2010
G,Data generated from other data values,SAL2010_A_LT9.XLS,2010
H,Value not derived - data not usable,SAL2010_A_LT9.XLS,2010
J,Logical imputation,SAL2010_A_LT9.XLS,2010
K,Ratio adjustment,SAL2010_A_LT9.XLS,2010
L,Imputed using the Group Median procedure,SAL2010_A_LT9.XLS,2010
N,Imputed using Nearest Neighbor procedure,SAL2010_A_LT9.XLS,2010
P,Imputed using Carry Forward procedure,SAL2010_A_LT9.XLS,2010
R,Reported,SAL2010_A_LT9.XLS,2010
Z,Implied zero;,SAL2010_A_LT9.XLS,2010
A,Not applicable,SAL2010_B.XLS,2010
B,Institution left item blank,SAL2010_B.XLS,2010
C,Analyst corrected reported value,SAL2010_B.XLS,2010
D,Do not know,SAL2010_B.XLS,2010
G,Data generated from other data values,SAL2010_B.XLS,2010
H,Value not derived - data not usable,SAL2010_B.XLS,2010
J,Logical imputation,SAL2010_B.XLS,2010
K,Ratio adjustment,SAL2010_B.XLS,2010
L,Imputed using the Group Median procedure,SAL2010_B.XLS,2010
N,Imputed using Nearest Neighbor procedure,SAL2010_B.XLS,2010
P,Imputed using Carry Forward procedure,SAL2010_B.XLS,2010
R,Reported,SAL2010_B.XLS,2010
Z,Implied zero;,SAL2010_B.XLS,2010
A,Not applicable,SAL2010_FACULTY.XLS,2010
B,Institution left item blank,SAL2010_FACULTY.XLS,2010
C,Analyst corrected reported value,SAL2010_FACULTY.XLS,2010
D,Do not know,SAL2010_FACULTY.XLS,2010
G,Data generated from other data values,SAL2010_FACULTY.XLS,2010
H,Value not derived - data not usable,SAL2010_FACULTY.XLS,2010
J,Logical imputation,SAL2010_FACULTY.XLS,2010
K,Ratio adjustment,SAL2010_FACULTY.XLS,2010
L,Imputed using the Group Median procedure,SAL2010_FACULTY.XLS,2010
N,Imputed using Nearest Neighbor procedure,SAL2010_FACULTY.XLS,2010
P,Imputed using Carry Forward procedure,SAL2010_FACULTY.XLS,2010
R,Reported,SAL2010_FACULTY.XLS,2010
Z,Implied zero;,SAL2010_FACULTY.XLS,2010
A,Not applicable,SFA0910.XLS,2010
B,Institution left item blank,SFA0910.XLS,2010
C,Analyst corrected reported value,SFA0910.XLS,2010
D,Do not know,SFA0910.XLS,2010
G,Data generated from other data values,SFA0910.XLS,2010
H,Value not derived - data not usable,SFA0910.XLS,2010
J,Logical imputation,SFA0910.XLS,2010
K,Ratio adjustment,SFA0910.XLS,2010
L,Imputed using the Group Median procedure,SFA0910.XLS,2010
N,Imputed using Nearest Neighbor procedure,SFA0910.XLS,2010
P,Imputed using Carry Forward procedure,SFA0910.XLS,2010
R,Reported,SFA0910.XLS,2010
Z,Implied zero;,SFA0910.XLS,2010
A,Not applicable,EAP2011.XLS,2011
B,Institution left item blank,EAP2011.XLS,2011
C,Analyst corrected reported value,EAP2011.XLS,2011
D,Do not know,EAP2011.XLS,2011
G,Data generated from other data values,EAP2011.XLS,2011
H,Value not derived - data not usable,EAP2011.XLS,2011
J,Logical imputation,EAP2011.XLS,2011
K,Ratio adjustment,EAP2011.XLS,2011
L,Imputed using the Group Median procedure,EAP2011.XLS,2011
N,Imputed using Nearest Neighbor procedure,EAP2011.XLS,2011
P,Imputed using Carry Forward procedure,EAP2011.XLS,2011
R,Reported,EAP2011.XLS,2011
Z,Implied zero;,EAP2011.XLS,2011
A,Not applicable,EF2011A.XLS,2011
B,Institution left item blank,EF2011A.XLS,2011
C,Analyst corrected reported value,EF2011A.XLS,2011
D,Do not know,EF2011A.XLS,2011
G,Data generated from other data values,EF2011A.XLS,2011
H,Value not derived - data not usable,EF2011A.XLS,2011
J,Logical imputation,EF2011A.XLS,2011
K,Ratio adjustment,EF2011A.XLS,2011
L,Imputed using the Group Median procedure,EF2011A.XLS,2011
N,Imputed using Nearest Neighbor procedure,EF2011A.XLS,2011
P,Imputed using Carry Forward procedure,EF2011A.XLS,2011
R,Reported,EF2011A.XLS,2011
Z,Implied zero;,EF2011A.XLS,2011
A,Not applicable,EF2011B.XLS,2011
B,Institution left item blank,EF2011B.XLS,2011
C,Analyst corrected reported value,EF2011B.XLS,2011
D,Do not know,EF2011B.XLS,2011
G,Data generated from other data values,EF2011B.XLS,2011
H,Value not derived - data not usable,EF2011B.XLS,2011
J,Logical imputation,EF2011B.XLS,2011
K,Ratio adjustment,EF2011B.XLS,2011
L,Imputed using the Group Median procedure,EF2011B.XLS,2011
N,Imputed using Nearest Neighbor procedure,EF2011B.XLS,2011
P,Imputed using Carry Forward procedure,EF2011B.XLS,2011
R,Reported,EF2011B.XLS,2011
Z,Implied zero;,EF2011B.XLS,2011
A,Not applicable,EF2011C.XLS,2011
B,Institution left item blank,EF2011C.XLS,2011
C,Analyst corrected reported value,EF2011C.XLS,2011
D,Do not know,EF2011C.XLS,2011
G,Data generated from other data values,EF2011C.XLS,2011
H,Value not derived - data not usable,EF2011C.XLS,2011
J,Logical imputation,EF2011C.XLS,2011
K,Ratio adjustment,EF2011C.XLS,2011
L,Imputed using the Group Median procedure,EF2011C.XLS,2011
N,Imputed using Nearest Neighbor procedure,EF2011C.XLS,2011
P,Imputed using Carry Forward procedure,EF2011C.XLS,2011
R,Reported,EF2011C.XLS,2011
Z,Implied zero;,EF2011C.XLS,2011
A,Not applicable,EF2011D.XLS,2011
B,Institution left item blank,EF2011D.XLS,2011
C,Analyst corrected reported value,EF2011D.XLS,2011
D,Do not know,EF2011D.XLS,2011
G,Data generated from other data values,EF2011D.XLS,2011
H,Value not derived - data not usable,EF2011D.XLS,2011
J,Logical imputation,EF2011D.XLS,2011
K,Ratio adjustment,EF2011D.XLS,2011
L,Imputed using the Group Median procedure,EF2011D.XLS,2011
N,Imputed using Nearest Neighbor procedure,EF2011D.XLS,2011
P,Imputed using Carry Forward procedure,EF2011D.XLS,2011
R,Reported,EF2011D.XLS,2011
Z,Implied zero;,EF2011D.XLS,2011
A,Not applicable,EFFY2011.XLS,2011
B,Institution left item blank,EFFY2011.XLS,2011
C,Analyst corrected reported value,EFFY2011.XLS,2011
D,Do not know,EFFY2011.XLS,2011
G,Data generated from other data values,EFFY2011.XLS,2011
H,Value not derived - data not usable,EFFY2011.XLS,2011
J,Logical imputation,EFFY2011.XLS,2011
K,Ratio adjustment,EFFY2011.XLS,2011
L,Imputed using the Group Median procedure,EFFY2011.XLS,2011
N,Imputed using Nearest Neighbor procedure,EFFY2011.XLS,2011
P,Imputed using Carry Forward procedure,EFFY2011.XLS,2011
R,Reported,EFFY2011.XLS,2011
Z,Implied zero;,EFFY2011.XLS,2011
A,Not applicable,EFIA2011.XLS,2011
B,Institution left item blank,EFIA2011.XLS,2011
C,Analyst corrected reported value,EFIA2011.XLS,2011
D,Do not know,EFIA2011.XLS,2011
G,Data generated from other data values,EFIA2011.XLS,2011
H,Value not derived - data not usable,EFIA2011.XLS,2011
J,Logical imputation,EFIA2011.XLS,2011
K,Ratio adjustment,EFIA2011.XLS,2011
L,Imputed using the Group Median procedure,EFIA2011.XLS,2011
N,Imputed using Nearest Neighbor procedure,EFIA2011.XLS,2011
P,Imputed using Carry Forward procedure,EFIA2011.XLS,2011
R,Reported,EFIA2011.XLS,2011
Z,Implied zero;,EFIA2011.XLS,2011
A,Not applicable,F1011_F1A.XLS,2011
B,Institution left item blank,F1011_F1A.XLS,2011
C,Analyst corrected reported value,F1011_F1A.XLS,2011
D,Do not know,F1011_F1A.XLS,2011
G,Data generated from other data values,F1011_F1A.XLS,2011
H,Value not derived - data not usable,F1011_F1A.XLS,2011
J,Logical imputation,F1011_F1A.XLS,2011
K,Ratio adjustment,F1011_F1A.XLS,2011
L,Imputed using the Group Median procedure,F1011_F1A.XLS,2011
N,Imputed using Nearest Neighbor procedure,F1011_F1A.XLS,2011
P,Imputed using Carry Forward procedure,F1011_F1A.XLS,2011
R,Reported,F1011_F1A.XLS,2011
Z,Implied zero;,F1011_F1A.XLS,2011
A,Not applicable,F1011_F2.XLS,2011
B,Institution left item blank,F1011_F2.XLS,2011
C,Analyst corrected reported value,F1011_F2.XLS,2011
D,Do not know,F1011_F2.XLS,2011
G,Data generated from other data values,F1011_F2.XLS,2011
H,Value not derived - data not usable,F1011_F2.XLS,2011
J,Logical imputation,F1011_F2.XLS,2011
K,Ratio adjustment,F1011_F2.XLS,2011
L,Imputed using the Group Median procedure,F1011_F2.XLS,2011
N,Imputed using Nearest Neighbor procedure,F1011_F2.XLS,2011
P,Imputed using Carry Forward procedure,F1011_F2.XLS,2011
R,Reported,F1011_F2.XLS,2011
Z,Implied zero;,F1011_F2.XLS,2011
A,Not applicable,F1011_F3.XLS,2011
B,Institution left item blank,F1011_F3.XLS,2011
C,Analyst corrected reported value,F1011_F3.XLS,2011
D,Do not know,F1011_F3.XLS,2011
G,Data generated from other data values,F1011_F3.XLS,2011
H,Value not derived - data not usable,F1011_F3.XLS,2011
J,Logical imputation,F1011_F3.XLS,2011
K,Ratio adjustment,F1011_F3.XLS,2011
L,Imputed using the Group Median procedure,F1011_F3.XLS,2011
N,Imputed using Nearest Neighbor procedure,F1011_F3.XLS,2011
P,Imputed using Carry Forward procedure,F1011_F3.XLS,2011
R,Reported,F1011_F3.XLS,2011
Z,Implied zero;,F1011_F3.XLS,2011
A,Not applicable,F1011_F1A.XLS,2011
B,Institution left item blank,F1011_F1A.XLS,2011
C,Analyst corrected reported value,F1011_F1A.XLS,2011
D,Do not know,F1011_F1A.XLS,2011
G,Data generated from other data values,F1011_F1A.XLS,2011
H,Value not derived - data not usable,F1011_F1A.XLS,2011
J,Logical imputation,F1011_F1A.XLS,2011
K,Ratio adjustment,F1011_F1A.XLS,2011
L,Imputed using the Group Median procedure,F1011_F1A.XLS,2011
N,Imputed using Nearest Neighbor procedure,F1011_F1A.XLS,2011
P,Imputed using Carry Forward procedure,F1011_F1A.XLS,2011
R,Reported,F1011_F1A.XLS,2011
Z,Implied zero;,F1011_F1A.XLS,2011
A,Not applicable,F1011_F2.XLS,2011
B,Institution left item blank,F1011_F2.XLS,2011
C,Analyst corrected reported value,F1011_F2.XLS,2011
D,Do not know,F1011_F2.XLS,2011
G,Data generated from other data values,F1011_F2.XLS,2011
H,Value not derived - data not usable,F1011_F2.XLS,2011
J,Logical imputation,F1011_F2.XLS,2011
K,Ratio adjustment,F1011_F2.XLS,2011
L,Imputed using the Group Median procedure,F1011_F2.XLS,2011
N,Imputed using Nearest Neighbor procedure,F1011_F2.XLS,2011
P,Imputed using Carry Forward procedure,F1011_F2.XLS,2011
R,Reported,F1011_F2.XLS,2011
Z,Implied zero;,F1011_F2.XLS,2011
A,Not applicable,F1011_F3.XLS,2011
B,Institution left item blank,F1011_F3.XLS,2011
C,Analyst corrected reported value,F1011_F3.XLS,2011
D,Do not know,F1011_F3.XLS,2011
G,Data generated from other data values,F1011_F3.XLS,2011
H,Value not derived - data not usable,F1011_F3.XLS,2011
J,Logical imputation,F1011_F3.XLS,2011
K,Ratio adjustment,F1011_F3.XLS,2011
L,Imputed using the Group Median procedure,F1011_F3.XLS,2011
N,Imputed using Nearest Neighbor procedure,F1011_F3.XLS,2011
P,Imputed using Carry Forward procedure,F1011_F3.XLS,2011
R,Reported,F1011_F3.XLS,2011
Z,Implied zero;,F1011_F3.XLS,2011
A,Not applicable,GR200_11.XLS,2011
B,Institution left item blank,GR200_11.XLS,2011
C,Analyst corrected reported value,GR200_11.XLS,2011
D,Do not know,GR200_11.XLS,2011
G,Data generated from other data values,GR200_11.XLS,2011
H,Value not derived - data not usable,GR200_11.XLS,2011
J,Logical imputation,GR200_11.XLS,2011
K,Ratio adjustment,GR200_11.XLS,2011
L,Imputed using the Group Median procedure,GR200_11.XLS,2011
N,Imputed using Nearest Neighbor procedure,GR200_11.XLS,2011
P,Imputed using Carry Forward procedure,GR200_11.XLS,2011
R,Reported,GR200_11.XLS,2011
Z,Implied zero;,GR200_11.XLS,2011
A,Not applicable,GR2011.XLS,2011
B,Institution left item blank,GR2011.XLS,2011
C,Analyst corrected reported value,GR2011.XLS,2011
D,Do not know,GR2011.XLS,2011
G,Data generated from other data values,GR2011.XLS,2011
H,Value not derived - data not usable,GR2011.XLS,2011
J,Logical imputation,GR2011.XLS,2011
K,Ratio adjustment,GR2011.XLS,2011
L,Imputed using the Group Median procedure,GR2011.XLS,2011
N,Imputed using Nearest Neighbor procedure,GR2011.XLS,2011
P,Imputed using Carry Forward procedure,GR2011.XLS,2011
R,Reported,GR2011.XLS,2011
Z,Implied zero;,GR2011.XLS,2011
A,Not applicable,GR2011_L2.XLS,2011
B,Institution left item blank,GR2011_L2.XLS,2011
C,Analyst corrected reported value,GR2011_L2.XLS,2011
D,Do not know,GR2011_L2.XLS,2011
G,Data generated from other data values,GR2011_L2.XLS,2011
H,Value not derived - data not usable,GR2011_L2.XLS,2011
J,Logical imputation,GR2011_L2.XLS,2011
K,Ratio adjustment,GR2011_L2.XLS,2011
L,Imputed using the Group Median procedure,GR2011_L2.XLS,2011
N,Imputed using Nearest Neighbor procedure,GR2011_L2.XLS,2011
P,Imputed using Carry Forward procedure,GR2011_L2.XLS,2011
R,Reported,GR2011_L2.XLS,2011
Z,Implied zero;,GR2011_L2.XLS,2011
A,Not applicable,IC2011_AY.XLS,2011
B,Institution left item blank,IC2011_AY.XLS,2011
C,Analyst corrected reported value,IC2011_AY.XLS,2011
D,Do not know,IC2011_AY.XLS,2011
G,Data generated from other data values,IC2011_AY.XLS,2011
H,Value not derived - data not usable,IC2011_AY.XLS,2011
J,Logical imputation,IC2011_AY.XLS,2011
K,Ratio adjustment,IC2011_AY.XLS,2011
L,Imputed using the Group Median procedure,IC2011_AY.XLS,2011
N,Imputed using Nearest Neighbor procedure,IC2011_AY.XLS,2011
P,Imputed using Carry Forward procedure,IC2011_AY.XLS,2011
R,Reported,IC2011_AY.XLS,2011
Y,Particular Doctor's professional practice field not applicable,IC2011_AY.XLS,2011
Z,Implied zero;,IC2011_AY.XLS,2011
A,Not applicable,IC2011.XLS,2011
B,Institution left item blank,IC2011.XLS,2011
C,Analyst corrected reported value,IC2011.XLS,2011
D,Do not know,IC2011.XLS,2011
G,Data generated from other data values,IC2011.XLS,2011
H,Value not derived - data not usable,IC2011.XLS,2011
J,Logical imputation,IC2011.XLS,2011
K,Ratio adjustment,IC2011.XLS,2011
L,Imputed using the Group Median procedure,IC2011.XLS,2011
N,Imputed using Nearest Neighbor procedure,IC2011.XLS,2011
P,Imputed using Carry Forward procedure,IC2011.XLS,2011
R,Reported,IC2011.XLS,2011
Z,Implied zero;,IC2011.XLS,2011
A,Not applicable,IC2011_PY.XLS,2011
B,Institution left item blank,IC2011_PY.XLS,2011
C,Analyst corrected reported value,IC2011_PY.XLS,2011
D,Do not know,IC2011_PY.XLS,2011
G,Data generated from other data values,IC2011_PY.XLS,2011
H,Value not derived - data not usable,IC2011_PY.XLS,2011
J,Logical imputation,IC2011_PY.XLS,2011
K,Ratio adjustment,IC2011_PY.XLS,2011
L,Imputed using the Group Median procedure,IC2011_PY.XLS,2011
N,Imputed using Nearest Neighbor procedure,IC2011_PY.XLS,2011
P,Imputed using Carry Forward procedure,IC2011_PY.XLS,2011
R,Reported,IC2011_PY.XLS,2011
Z,Implied zero;,IC2011_PY.XLS,2011
A,Not applicable,S2011_ABD.XLS,2011
B,Institution left item blank,S2011_ABD.XLS,2011
C,Analyst corrected reported value,S2011_ABD.XLS,2011
D,Do not know,S2011_ABD.XLS,2011
G,Data generated from other data values,S2011_ABD.XLS,2011
H,Value not derived - data not usable,S2011_ABD.XLS,2011
J,Logical imputation,S2011_ABD.XLS,2011
K,Ratio adjustment,S2011_ABD.XLS,2011
L,Imputed using the Group Median procedure,S2011_ABD.XLS,2011
N,Imputed using Nearest Neighbor procedure,S2011_ABD.XLS,2011
P,Imputed using Carry Forward procedure,S2011_ABD.XLS,2011
R,Reported,S2011_ABD.XLS,2011
Z,Implied zero;,S2011_ABD.XLS,2011
A,Not applicable,S2011_CN.XLS,2011
B,Institution left item blank,S2011_CN.XLS,2011
C,Analyst corrected reported value,S2011_CN.XLS,2011
D,Do not know,S2011_CN.XLS,2011
G,Data generated from other data values,S2011_CN.XLS,2011
H,Value not derived - data not usable,S2011_CN.XLS,2011
J,Logical imputation,S2011_CN.XLS,2011
K,Ratio adjustment,S2011_CN.XLS,2011
L,Imputed using the Group Median procedure,S2011_CN.XLS,2011
N,Imputed using Nearest Neighbor procedure,S2011_CN.XLS,2011
P,Imputed using Carry Forward procedure,S2011_CN.XLS,2011
R,Reported,S2011_CN.XLS,2011
Z,Implied zero;,S2011_CN.XLS,2011
A,Not applicable,S2011_F.XLS,2011
B,Institution left item blank,S2011_F.XLS,2011
C,Analyst corrected reported value,S2011_F.XLS,2011
D,Do not know,S2011_F.XLS,2011
G,Data generated from other data values,S2011_F.XLS,2011
H,Value not derived - data not usable,S2011_F.XLS,2011
J,Logical imputation,S2011_F.XLS,2011
K,Ratio adjustment,S2011_F.XLS,2011
L,Imputed using the Group Median procedure,S2011_F.XLS,2011
N,Imputed using Nearest Neighbor procedure,S2011_F.XLS,2011
P,Imputed using Carry Forward procedure,S2011_F.XLS,2011
R,Reported,S2011_F.XLS,2011
Z,Implied zero;,S2011_F.XLS,2011
A,Not applicable,S2011_G.XLS,2011
B,Institution left item blank,S2011_G.XLS,2011
C,Analyst corrected reported value,S2011_G.XLS,2011
D,Do not know,S2011_G.XLS,2011
G,Data generated from other data values,S2011_G.XLS,2011
H,Value not derived - data not usable,S2011_G.XLS,2011
J,Logical imputation,S2011_G.XLS,2011
K,Ratio adjustment,S2011_G.XLS,2011
L,Imputed using the Group Median procedure,S2011_G.XLS,2011
N,Imputed using Nearest Neighbor procedure,S2011_G.XLS,2011
P,Imputed using Carry Forward procedure,S2011_G.XLS,2011
R,Reported,S2011_G.XLS,2011
Z,Implied zero;,S2011_G.XLS,2011
A,Not applicable,SAL2011_A.XLS,2011
B,Institution left item blank,SAL2011_A.XLS,2011
C,Analyst corrected reported value,SAL2011_A.XLS,2011
D,Do not know,SAL2011_A.XLS,2011
G,Data generated from other data values,SAL2011_A.XLS,2011
H,Value not derived - data not usable,SAL2011_A.XLS,2011
J,Logical imputation,SAL2011_A.XLS,2011
K,Ratio adjustment,SAL2011_A.XLS,2011
L,Imputed using the Group Median procedure,SAL2011_A.XLS,2011
N,Imputed using Nearest Neighbor procedure,SAL2011_A.XLS,2011
P,Imputed using Carry Forward procedure,SAL2011_A.XLS,2011
R,Reported,SAL2011_A.XLS,2011
Z,Implied zero;,SAL2011_A.XLS,2011
A,Not applicable,SAL2011_A_LT9.XLS,2011
B,Institution left item blank,SAL2011_A_LT9.XLS,2011
C,Analyst corrected reported value,SAL2011_A_LT9.XLS,2011
D,Do not know,SAL2011_A_LT9.XLS,2011
G,Data generated from other data values,SAL2011_A_LT9.XLS,2011
H,Value not derived - data not usable,SAL2011_A_LT9.XLS,2011
J,Logical imputation,SAL2011_A_LT9.XLS,2011
K,Ratio adjustment,SAL2011_A_LT9.XLS,2011
L,Imputed using the Group Median procedure,SAL2011_A_LT9.XLS,2011
N,Imputed using Nearest Neighbor procedure,SAL2011_A_LT9.XLS,2011
P,Imputed using Carry Forward procedure,SAL2011_A_LT9.XLS,2011
R,Reported,SAL2011_A_LT9.XLS,2011
Z,Implied zero;,SAL2011_A_LT9.XLS,2011
A,Not applicable,SAL2011_FACULTY.XLS,2011
B,Institution left item blank,SAL2011_FACULTY.XLS,2011
C,Analyst corrected reported value,SAL2011_FACULTY.XLS,2011
D,Do not know,SAL2011_FACULTY.XLS,2011
G,Data generated from other data values,SAL2011_FACULTY.XLS,2011
H,Value not derived - data not usable,SAL2011_FACULTY.XLS,2011
J,Logical imputation,SAL2011_FACULTY.XLS,2011
K,Ratio adjustment,SAL2011_FACULTY.XLS,2011
L,Imputed using the Group Median procedure,SAL2011_FACULTY.XLS,2011
N,Imputed using Nearest Neighbor procedure,SAL2011_FACULTY.XLS,2011
P,Imputed using Carry Forward procedure,SAL2011_FACULTY.XLS,2011
R,Reported,SAL2011_FACULTY.XLS,2011
Z,Implied zero;,SAL2011_FACULTY.XLS,2011
A,Not applicable,SFA1011.XLS,2011
B,Institution left item blank,SFA1011.XLS,2011
C,Analyst corrected reported value,SFA1011.XLS,2011
D,Do not know,SFA1011.XLS,2011
G,Data generated from other data values,SFA1011.XLS,2011
H,Value not derived - data not usable,SFA1011.XLS,2011
J,Logical imputation,SFA1011.XLS,2011
K,Ratio adjustment,SFA1011.XLS,2011
L,Imputed using the Group Median procedure,SFA1011.XLS,2011
N,Imputed using Nearest Neighbor procedure,SFA1011.XLS,2011
P,Imputed using Carry Forward procedure,SFA1011.XLS,2011
R,Reported,SFA1011.XLS,2011
Z,Implied zero;,SFA1011.XLS,2011
A,Not applicable,SFA1011.XLS,2011
B,Institution left item blank,SFA1011.XLS,2011
C,Analyst corrected reported value,SFA1011.XLS,2011
D,Do not know,SFA1011.XLS,2011
G,Data generated from other data values,SFA1011.XLS,2011
H,Value not derived - data not usable,SFA1011.XLS,2011
J,Logical imputation,SFA1011.XLS,2011
K,Ratio adjustment,SFA1011.XLS,2011
L,Imputed using the Group Median procedure,SFA1011.XLS,2011
N,Imputed using Nearest Neighbor procedure,SFA1011.XLS,2011
P,Imputed using Carry Forward procedure,SFA1011.XLS,2011
R,Reported,SFA1011.XLS,2011
Z,Implied zero;,SFA1011.XLS,2011
A,Not applicable,EAP2012,2012
B,Institution left item blank,EAP2012,2012
C,Analyst corrected reported value,EAP2012,2012
D,Do not know,EAP2012,2012
G,Data generated from other data values,EAP2012,2012
H,Value not derived - data not usable,EAP2012,2012
J,Logical imputation,EAP2012,2012
K,Ratio adjustment,EAP2012,2012
L,Imputed using the Group Median procedure,EAP2012,2012
N,Imputed using Nearest Neighbor procedure,EAP2012,2012
P,Imputed using Carry Forward procedure,EAP2012,2012
R,Reported,EAP2012,2012
Z,Implied zero;,EAP2012,2012
A,Not applicable,EF2012A,2012
B,Institution left item blank,EF2012A,2012
C,Analyst corrected reported value,EF2012A,2012
D,Do not know,EF2012A,2012
G,Data generated from other data values,EF2012A,2012
H,Value not derived - data not usable,EF2012A,2012
J,Logical imputation,EF2012A,2012
K,Ratio adjustment,EF2012A,2012
L,Imputed using the Group Median procedure,EF2012A,2012
N,Imputed using Nearest Neighbor procedure,EF2012A,2012
P,Imputed using Carry Forward procedure,EF2012A,2012
R,Reported,EF2012A,2012
Z,Implied zero;,EF2012A,2012
A,Not applicable,EF2012A_DIST,2012
B,Institution left item blank,EF2012A_DIST,2012
C,Analyst corrected reported value,EF2012A_DIST,2012
D,Do not know,EF2012A_DIST,2012
G,Data generated from other data values,EF2012A_DIST,2012
H,Value not derived - data not usable,EF2012A_DIST,2012
J,Logical imputation,EF2012A_DIST,2012
K,Ratio adjustment,EF2012A_DIST,2012
L,Imputed using the Group Median procedure,EF2012A_DIST,2012
N,Imputed using Nearest Neighbor procedure,EF2012A_DIST,2012
P,Imputed using Carry Forward procedure,EF2012A_DIST,2012
R,Reported,EF2012A_DIST,2012
Z,Implied zero;,EF2012A_DIST,2012
A,Not applicable,EF2012B,2012
B,Institution left item blank,EF2012B,2012
C,Analyst corrected reported value,EF2012B,2012
D,Do not know,EF2012B,2012
G,Data generated from other data values,EF2012B,2012
H,Value not derived - data not usable,EF2012B,2012
J,Logical imputation,EF2012B,2012
K,Ratio adjustment,EF2012B,2012
L,Imputed using the Group Median procedure,EF2012B,2012
N,Imputed using Nearest Neighbor procedure,EF2012B,2012
P,Imputed using Carry Forward procedure,EF2012B,2012
R,Reported,EF2012B,2012
Z,Implied zero;,EF2012B,2012
A,Not applicable,EF2012C,2012
B,Institution left item blank,EF2012C,2012
C,Analyst corrected reported value,EF2012C,2012
D,Do not know,EF2012C,2012
G,Data generated from other data values,EF2012C,2012
H,Value not derived - data not usable,EF2012C,2012
J,Logical imputation,EF2012C,2012
K,Ratio adjustment,EF2012C,2012
L,Imputed using the Group Median procedure,EF2012C,2012
N,Imputed using Nearest Neighbor procedure,EF2012C,2012
P,Imputed using Carry Forward procedure,EF2012C,2012
R,Reported,EF2012C,2012
Z,Implied zero;,EF2012C,2012
A,Not applicable,EF2012CP,2012
B,Institution left item blank,EF2012CP,2012
C,Analyst corrected reported value,EF2012CP,2012
D,Do not know,EF2012CP,2012
G,Data generated from other data values,EF2012CP,2012
H,Value not derived - data not usable,EF2012CP,2012
J,Logical imputation,EF2012CP,2012
K,Ratio adjustment,EF2012CP,2012
L,Imputed using the Group Median procedure,EF2012CP,2012
N,Imputed using Nearest Neighbor procedure,EF2012CP,2012
P,Imputed using Carry Forward procedure,EF2012CP,2012
R,Reported,EF2012CP,2012
Z,Implied zero;,EF2012CP,2012
A,Not applicable,EF2012D,2012
B,Institution left item blank,EF2012D,2012
C,Analyst corrected reported value,EF2012D,2012
D,Do not know,EF2012D,2012
G,Data generated from other data values,EF2012D,2012
H,Value not derived - data not usable,EF2012D,2012
J,Logical imputation,EF2012D,2012
K,Ratio adjustment,EF2012D,2012
L,Imputed using the Group Median procedure,EF2012D,2012
N,Imputed using Nearest Neighbor procedure,EF2012D,2012
P,Imputed using Carry Forward procedure,EF2012D,2012
R,Reported,EF2012D,2012
Z,Implied zero;,EF2012D,2012
A,Not applicable,EFFY2012.XLS,2012
B,Institution left item blank,EFFY2012.XLS,2012
C,Analyst corrected reported value,EFFY2012.XLS,2012
D,Do not know,EFFY2012.XLS,2012
G,Data generated from other data values,EFFY2012.XLS,2012
H,Value not derived - data not usable,EFFY2012.XLS,2012
J,Logical imputation,EFFY2012.XLS,2012
K,Ratio adjustment,EFFY2012.XLS,2012
L,Imputed using the Group Median procedure,EFFY2012.XLS,2012
N,Imputed using Nearest Neighbor procedure,EFFY2012.XLS,2012
P,Imputed using Carry Forward procedure,EFFY2012.XLS,2012
R,Reported,EFFY2012.XLS,2012
Z,Implied zero;,EFFY2012.XLS,2012
A,Not applicable,EFIA2012.XLS,2012
B,Institution left item blank,EFIA2012.XLS,2012
C,Analyst corrected reported value,EFIA2012.XLS,2012
D,Do not know,EFIA2012.XLS,2012
G,Data generated from other data values,EFIA2012.XLS,2012
H,Value not derived - data not usable,EFIA2012.XLS,2012
J,Logical imputation,EFIA2012.XLS,2012
K,Ratio adjustment,EFIA2012.XLS,2012
L,Imputed using the Group Median procedure,EFIA2012.XLS,2012
N,Imputed using Nearest Neighbor procedure,EFIA2012.XLS,2012
P,Imputed using Carry Forward procedure,EFIA2012.XLS,2012
R,Reported,EFIA2012.XLS,2012
Z,Implied zero;,EFIA2012.XLS,2012
A,Not applicable,F1112_F1A,2012
B,Institution left item blank,F1112_F1A,2012
C,Analyst corrected reported value,F1112_F1A,2012
D,Do not know,F1112_F1A,2012
G,Data generated from other data values,F1112_F1A,2012
H,Value not derived - data not usable,F1112_F1A,2012
J,Logical imputation,F1112_F1A,2012
K,Ratio adjustment,F1112_F1A,2012
L,Imputed using the Group Median procedure,F1112_F1A,2012
N,Imputed using Nearest Neighbor procedure,F1112_F1A,2012
P,Imputed using Carry Forward procedure,F1112_F1A,2012
R,Reported,F1112_F1A,2012
Z,Implied zero;,F1112_F1A,2012
A,Not applicable,F1112_F2,2012
B,Institution left item blank,F1112_F2,2012
C,Analyst corrected reported value,F1112_F2,2012
D,Do not know,F1112_F2,2012
G,Data generated from other data values,F1112_F2,2012
H,Value not derived - data not usable,F1112_F2,2012
J,Logical imputation,F1112_F2,2012
K,Ratio adjustment,F1112_F2,2012
L,Imputed using the Group Median procedure,F1112_F2,2012
N,Imputed using Nearest Neighbor procedure,F1112_F2,2012
P,Imputed using Carry Forward procedure,F1112_F2,2012
R,Reported,F1112_F2,2012
Z,Implied zero;,F1112_F2,2012
A,Not applicable,F1112_F3,2012
B,Institution left item blank,F1112_F3,2012
C,Analyst corrected reported value,F1112_F3,2012
D,Do not know,F1112_F3,2012
G,Data generated from other data values,F1112_F3,2012
H,Value not derived - data not usable,F1112_F3,2012
J,Logical imputation,F1112_F3,2012
K,Ratio adjustment,F1112_F3,2012
L,Imputed using the Group Median procedure,F1112_F3,2012
N,Imputed using Nearest Neighbor procedure,F1112_F3,2012
P,Imputed using Carry Forward procedure,F1112_F3,2012
R,Reported,F1112_F3,2012
Z,Implied zero;,F1112_F3,2012
A,Not applicable,F1112_F1A,2012
B,Institution left item blank,F1112_F1A,2012
C,Analyst corrected reported value,F1112_F1A,2012
D,Do not know,F1112_F1A,2012
G,Data generated from other data values,F1112_F1A,2012
H,Value not derived - data not usable,F1112_F1A,2012
J,Logical imputation,F1112_F1A,2012
K,Ratio adjustment,F1112_F1A,2012
L,Imputed using the Group Median procedure,F1112_F1A,2012
N,Imputed using Nearest Neighbor procedure,F1112_F1A,2012
P,Imputed using Carry Forward procedure,F1112_F1A,2012
R,Reported,F1112_F1A,2012
Z,Implied zero;,F1112_F1A,2012
A,Not applicable,F1112_F2,2012
B,Institution left item blank,F1112_F2,2012
C,Analyst corrected reported value,F1112_F2,2012
D,Do not know,F1112_F2,2012
G,Data generated from other data values,F1112_F2,2012
H,Value not derived - data not usable,F1112_F2,2012
J,Logical imputation,F1112_F2,2012
K,Ratio adjustment,F1112_F2,2012
L,Imputed using the Group Median procedure,F1112_F2,2012
N,Imputed using Nearest Neighbor procedure,F1112_F2,2012
P,Imputed using Carry Forward procedure,F1112_F2,2012
R,Reported,F1112_F2,2012
Z,Implied zero;,F1112_F2,2012
A,Not applicable,F1112_F3,2012
B,Institution left item blank,F1112_F3,2012
C,Analyst corrected reported value,F1112_F3,2012
D,Do not know,F1112_F3,2012
G,Data generated from other data values,F1112_F3,2012
H,Value not derived - data not usable,F1112_F3,2012
J,Logical imputation,F1112_F3,2012
K,Ratio adjustment,F1112_F3,2012
L,Imputed using the Group Median procedure,F1112_F3,2012
N,Imputed using Nearest Neighbor procedure,F1112_F3,2012
P,Imputed using Carry Forward procedure,F1112_F3,2012
R,Reported,F1112_F3,2012
Z,Implied zero;,F1112_F3,2012
A,Not applicable,GR200_12.XLS,2012
B,Institution left item blank,GR200_12.XLS,2012
C,Analyst corrected reported value,GR200_12.XLS,2012
D,Do not know,GR200_12.XLS,2012
G,Data generated from other data values,GR200_12.XLS,2012
H,Value not derived - data not usable,GR200_12.XLS,2012
J,Logical imputation,GR200_12.XLS,2012
K,Ratio adjustment,GR200_12.XLS,2012
L,Imputed using the Group Median procedure,GR200_12.XLS,2012
N,Imputed using Nearest Neighbor procedure,GR200_12.XLS,2012
P,Imputed using Carry Forward procedure,GR200_12.XLS,2012
R,Reported,GR200_12.XLS,2012
Z,Implied zero;,GR200_12.XLS,2012
A,Not applicable,GR2012.XLS,2012
B,Institution left item blank,GR2012.XLS,2012
C,Analyst corrected reported value,GR2012.XLS,2012
D,Do not know,GR2012.XLS,2012
G,Data generated from other data values,GR2012.XLS,2012
H,Value not derived - data not usable,GR2012.XLS,2012
J,Logical imputation,GR2012.XLS,2012
K,Ratio adjustment,GR2012.XLS,2012
L,Imputed using the Group Median procedure,GR2012.XLS,2012
N,Imputed using Nearest Neighbor procedure,GR2012.XLS,2012
P,Imputed using Carry Forward procedure,GR2012.XLS,2012
R,Reported,GR2012.XLS,2012
Z,Implied zero;,GR2012.XLS,2012
A,Not applicable,GR2012_L2.XLS,2012
B,Institution left item blank,GR2012_L2.XLS,2012
C,Analyst corrected reported value,GR2012_L2.XLS,2012
D,Do not know,GR2012_L2.XLS,2012
G,Data generated from other data values,GR2012_L2.XLS,2012
H,Value not derived - data not usable,GR2012_L2.XLS,2012
J,Logical imputation,GR2012_L2.XLS,2012
K,Ratio adjustment,GR2012_L2.XLS,2012
L,Imputed using the Group Median procedure,GR2012_L2.XLS,2012
N,Imputed using Nearest Neighbor procedure,GR2012_L2.XLS,2012
P,Imputed using Carry Forward procedure,GR2012_L2.XLS,2012
R,Reported,GR2012_L2.XLS,2012
Z,Implied zero;,GR2012_L2.XLS,2012
A,Not applicable,IC2012_AY.XLS,2012
B,Institution left item blank,IC2012_AY.XLS,2012
C,Analyst corrected reported value,IC2012_AY.XLS,2012
D,Do not know,IC2012_AY.XLS,2012
G,Data generated from other data values,IC2012_AY.XLS,2012
H,Value not derived - data not usable,IC2012_AY.XLS,2012
J,Logical imputation,IC2012_AY.XLS,2012
K,Ratio adjustment,IC2012_AY.XLS,2012
L,Imputed using the Group Median procedure,IC2012_AY.XLS,2012
N,Imputed using Nearest Neighbor procedure,IC2012_AY.XLS,2012
P,Imputed using Carry Forward procedure,IC2012_AY.XLS,2012
R,Reported,IC2012_AY.XLS,2012
Y,Particular Doctor's professional practice field not applicable,IC2012_AY.XLS,2012
Z,Implied zero;,IC2012_AY.XLS,2012
A,Not applicable,IC2012.XLS,2012
B,Institution left item blank,IC2012.XLS,2012
C,Analyst corrected reported value,IC2012.XLS,2012
D,Do not know,IC2012.XLS,2012
G,Data generated from other data values,IC2012.XLS,2012
H,Value not derived - data not usable,IC2012.XLS,2012
J,Logical imputation,IC2012.XLS,2012
K,Ratio adjustment,IC2012.XLS,2012
L,Imputed using the Group Median procedure,IC2012.XLS,2012
N,Imputed using Nearest Neighbor procedure,IC2012.XLS,2012
P,Imputed using Carry Forward procedure,IC2012.XLS,2012
R,Reported,IC2012.XLS,2012
Z,Implied zero;,IC2012.XLS,2012
A,Not applicable,IC2012_PY.XLS,2012
B,Institution left item blank,IC2012_PY.XLS,2012
C,Analyst corrected reported value,IC2012_PY.XLS,2012
D,Do not know,IC2012_PY.XLS,2012
G,Data generated from other data values,IC2012_PY.XLS,2012
H,Value not derived - data not usable,IC2012_PY.XLS,2012
J,Logical imputation,IC2012_PY.XLS,2012
K,Ratio adjustment,IC2012_PY.XLS,2012
L,Imputed using the Group Median procedure,IC2012_PY.XLS,2012
N,Imputed using Nearest Neighbor procedure,IC2012_PY.XLS,2012
P,Imputed using Carry Forward procedure,IC2012_PY.XLS,2012
R,Reported,IC2012_PY.XLS,2012
Z,Implied zero;,IC2012_PY.XLS,2012
A,Not applicable,S2012_IS,2012
B,Institution left item blank,S2012_IS,2012
C,Analyst corrected reported value,S2012_IS,2012
D,Do not know,S2012_IS,2012
G,Data generated from other data values,S2012_IS,2012
H,Value not derived - data not usable,S2012_IS,2012
J,Logical imputation,S2012_IS,2012
K,Ratio adjustment,S2012_IS,2012
L,Imputed using the Group Median procedure,S2012_IS,2012
N,Imputed using Nearest Neighbor procedure,S2012_IS,2012
P,Imputed using Carry Forward procedure,S2012_IS,2012
R,Reported,S2012_IS,2012
Z,Implied zero;,S2012_IS,2012
A,Not applicable,S2012_NH,2012
B,Institution left item blank,S2012_NH,2012
C,Analyst corrected reported value,S2012_NH,2012
D,Do not know,S2012_NH,2012
G,Data generated from other data values,S2012_NH,2012
H,Value not derived - data not usable,S2012_NH,2012
J,Logical imputation,S2012_NH,2012
K,Ratio adjustment,S2012_NH,2012
L,Imputed using the Group Median procedure,S2012_NH,2012
N,Imputed using Nearest Neighbor procedure,S2012_NH,2012
P,Imputed using Carry Forward procedure,S2012_NH,2012
R,Reported,S2012_NH,2012
Z,Implied zero;,S2012_NH,2012
A,Not applicable,S2012_OC,2012
B,Institution left item blank,S2012_OC,2012
C,Analyst corrected reported value,S2012_OC,2012
D,Do not know,S2012_OC,2012
G,Data generated from other data values,S2012_OC,2012
H,Value not derived - data not usable,S2012_OC,2012
J,Logical imputation,S2012_OC,2012
K,Ratio adjustment,S2012_OC,2012
L,Imputed using the Group Median procedure,S2012_OC,2012
N,Imputed using Nearest Neighbor procedure,S2012_OC,2012
P,Imputed using Carry Forward procedure,S2012_OC,2012
R,Reported,S2012_OC,2012
Z,Implied zero;,S2012_OC,2012
A,Not applicable,S2012_SIS,2012
B,Institution left item blank,S2012_SIS,2012
C,Analyst corrected reported value,S2012_SIS,2012
D,Do not know,S2012_SIS,2012
G,Data generated from other data values,S2012_SIS,2012
H,Value not derived - data not usable,S2012_SIS,2012
J,Logical imputation,S2012_SIS,2012
K,Ratio adjustment,S2012_SIS,2012
L,Imputed using the Group Median procedure,S2012_SIS,2012
N,Imputed using Nearest Neighbor procedure,S2012_SIS,2012
P,Imputed using Carry Forward procedure,S2012_SIS,2012
R,Reported,S2012_SIS,2012
Z,Implied zero;,S2012_SIS,2012
A,Not applicable,SAL2012_IS,2012
B,Institution left item blank,SAL2012_IS,2012
C,Analyst corrected reported value,SAL2012_IS,2012
D,Do not know,SAL2012_IS,2012
G,Data generated from other data values,SAL2012_IS,2012
H,Value not derived - data not usable,SAL2012_IS,2012
J,Logical imputation,SAL2012_IS,2012
K,Ratio adjustment,SAL2012_IS,2012
L,Imputed using the Group Median procedure,SAL2012_IS,2012
N,Imputed using Nearest Neighbor procedure,SAL2012_IS,2012
P,Imputed using Carry Forward procedure,SAL2012_IS,2012
R,Reported,SAL2012_IS,2012
Z,Implied zero;,SAL2012_IS,2012
A,Not applicable,SAL2012_NIS,2012
B,Institution left item blank,SAL2012_NIS,2012
C,Analyst corrected reported value,SAL2012_NIS,2012
D,Do not know,SAL2012_NIS,2012
G,Data generated from other data values,SAL2012_NIS,2012
H,Value not derived - data not usable,SAL2012_NIS,2012
J,Logical imputation,SAL2012_NIS,2012
K,Ratio adjustment,SAL2012_NIS,2012
L,Imputed using the Group Median procedure,SAL2012_NIS,2012
N,Imputed using Nearest Neighbor procedure,SAL2012_NIS,2012
P,Imputed using Carry Forward procedure,SAL2012_NIS,2012
R,Reported,SAL2012_NIS,2012
Z,Implied zero;,SAL2012_NIS,2012
A,Not applicable,SFA1112.XLS,2012
B,Institution left item blank,SFA1112.XLS,2012
C,Analyst corrected reported value,SFA1112.XLS,2012
D,Do not know,SFA1112.XLS,2012
G,Data generated from other data values,SFA1112.XLS,2012
H,Value not derived - data not usable,SFA1112.XLS,2012
J,Logical imputation,SFA1112.XLS,2012
K,Ratio adjustment,SFA1112.XLS,2012
L,Imputed using the Group Median procedure,SFA1112.XLS,2012
N,Imputed using Nearest Neighbor procedure,SFA1112.XLS,2012
P,Imputed using Carry Forward procedure,SFA1112.XLS,2012
R,Reported,SFA1112.XLS,2012
Z,Implied zero;,SFA1112.XLS,2012
A,Not applicable,SFA1112.XLS,2012
B,Institution left item blank,SFA1112.XLS,2012
C,Analyst corrected reported value,SFA1112.XLS,2012
D,Do not know,SFA1112.XLS,2012
G,Data generated from other data values,SFA1112.XLS,2012
H,Value not derived - data not usable,SFA1112.XLS,2012
J,Logical imputation,SFA1112.XLS,2012
K,Ratio adjustment,SFA1112.XLS,2012
L,Imputed using the Group Median procedure,SFA1112.XLS,2012
N,Imputed using Nearest Neighbor procedure,SFA1112.XLS,2012
P,Imputed using Carry Forward procedure,SFA1112.XLS,2012
R,Reported,SFA1112.XLS,2012
Z,Implied zero;,SFA1112.XLS,2012
A,Not applicable,EAP2013,2013
B,Institution left item blank,EAP2013,2013
C,Analyst corrected reported value,EAP2013,2013
D,Do not know,EAP2013,2013
G,Data generated from other data values,EAP2013,2013
H,Value not derived - data not usable,EAP2013,2013
J,Logical imputation,EAP2013,2013
K,Ratio adjustment,EAP2013,2013
L,Imputed using the Group Median procedure,EAP2013,2013
N,Imputed using Nearest Neighbor procedure,EAP2013,2013
P,Imputed using Carry Forward procedure,EAP2013,2013
R,Reported,EAP2013,2013
Z,Implied zero;,EAP2013,2013
A,Not applicable,EF2013A,2013
B,Institution left item blank,EF2013A,2013
C,Analyst corrected reported value,EF2013A,2013
D,Do not know,EF2013A,2013
G,Data generated from other data values,EF2013A,2013
H,Value not derived - data not usable,EF2013A,2013
J,Logical imputation,EF2013A,2013
K,Ratio adjustment,EF2013A,2013
L,Imputed using the Group Median procedure,EF2013A,2013
N,Imputed using Nearest Neighbor procedure,EF2013A,2013
P,Imputed using Carry Forward procedure,EF2013A,2013
R,Reported,EF2013A,2013
Z,Implied zero;,EF2013A,2013
A,Not applicable,EF2013A_DIST,2013
B,Institution left item blank,EF2013A_DIST,2013
C,Analyst corrected reported value,EF2013A_DIST,2013
D,Do not know,EF2013A_DIST,2013
G,Data generated from other data values,EF2013A_DIST,2013
H,Value not derived - data not usable,EF2013A_DIST,2013
J,Logical imputation,EF2013A_DIST,2013
K,Ratio adjustment,EF2013A_DIST,2013
L,Imputed using the Group Median procedure,EF2013A_DIST,2013
N,Imputed using Nearest Neighbor procedure,EF2013A_DIST,2013
P,Imputed using Carry Forward procedure,EF2013A_DIST,2013
R,Reported,EF2013A_DIST,2013
Z,Implied zero;,EF2013A_DIST,2013
A,Not applicable,EF2013B,2013
B,Institution left item blank,EF2013B,2013
C,Analyst corrected reported value,EF2013B,2013
D,Do not know,EF2013B,2013
G,Data generated from other data values,EF2013B,2013
H,Value not derived - data not usable,EF2013B,2013
J,Logical imputation,EF2013B,2013
K,Ratio adjustment,EF2013B,2013
L,Imputed using the Group Median procedure,EF2013B,2013
N,Imputed using Nearest Neighbor procedure,EF2013B,2013
P,Imputed using Carry Forward procedure,EF2013B,2013
R,Reported,EF2013B,2013
Z,Implied zero;,EF2013B,2013
A,Not applicable,EF2013C,2013
B,Institution left item blank,EF2013C,2013
C,Analyst corrected reported value,EF2013C,2013
D,Do not know,EF2013C,2013
G,Data generated from other data values,EF2013C,2013
H,Value not derived - data not usable,EF2013C,2013
J,Logical imputation,EF2013C,2013
K,Ratio adjustment,EF2013C,2013
L,Imputed using the Group Median procedure,EF2013C,2013
N,Imputed using Nearest Neighbor procedure,EF2013C,2013
P,Imputed using Carry Forward procedure,EF2013C,2013
R,Reported,EF2013C,2013
Z,Implied zero;,EF2013C,2013
A,Not applicable,EF2013D,2013
B,Institution left item blank,EF2013D,2013
C,Analyst corrected reported value,EF2013D,2013
D,Do not know,EF2013D,2013
G,Data generated from other data values,EF2013D,2013
H,Value not derived - data not usable,EF2013D,2013
J,Logical imputation,EF2013D,2013
K,Ratio adjustment,EF2013D,2013
L,Imputed using the Group Median procedure,EF2013D,2013
N,Imputed using Nearest Neighbor procedure,EF2013D,2013
P,Imputed using Carry Forward procedure,EF2013D,2013
R,Reported,EF2013D,2013
Z,Implied zero;,EF2013D,2013
A,Not applicable,EFFY2013,2013
B,Institution left item blank,EFFY2013,2013
C,Analyst corrected reported value,EFFY2013,2013
D,Do not know,EFFY2013,2013
G,Data generated from other data values,EFFY2013,2013
H,Value not derived - data not usable,EFFY2013,2013
J,Logical imputation,EFFY2013,2013
K,Ratio adjustment,EFFY2013,2013
L,Imputed using the Group Median procedure,EFFY2013,2013
N,Imputed using Nearest Neighbor procedure,EFFY2013,2013
P,Imputed using Carry Forward procedure,EFFY2013,2013
R,Reported,EFFY2013,2013
Z,Implied zero;,EFFY2013,2013
A,Not applicable,EFIA2013,2013
B,Institution left item blank,EFIA2013,2013
C,Analyst corrected reported value,EFIA2013,2013
D,Do not know,EFIA2013,2013
G,Data generated from other data values,EFIA2013,2013
H,Value not derived - data not usable,EFIA2013,2013
J,Logical imputation,EFIA2013,2013
K,Ratio adjustment,EFIA2013,2013
L,Imputed using the Group Median procedure,EFIA2013,2013
N,Imputed using Nearest Neighbor procedure,EFIA2013,2013
P,Imputed using Carry Forward procedure,EFIA2013,2013
R,Reported,EFIA2013,2013
Z,Implied zero;,EFIA2013,2013
A,Not applicable,F1213_F1A,2013
B,Institution left item blank,F1213_F1A,2013
C,Analyst corrected reported value,F1213_F1A,2013
D,Do not know,F1213_F1A,2013
G,Data generated from other data values,F1213_F1A,2013
H,Value not derived - data not usable,F1213_F1A,2013
J,Logical imputation,F1213_F1A,2013
K,Ratio adjustment,F1213_F1A,2013
L,Imputed using the Group Median procedure,F1213_F1A,2013
N,Imputed using Nearest Neighbor procedure,F1213_F1A,2013
P,Imputed using Carry Forward procedure,F1213_F1A,2013
R,Reported,F1213_F1A,2013
Z,Implied zero;,F1213_F1A,2013
A,Not applicable,F1213_F2,2013
B,Institution left item blank,F1213_F2,2013
C,Analyst corrected reported value,F1213_F2,2013
D,Do not know,F1213_F2,2013
G,Data generated from other data values,F1213_F2,2013
H,Value not derived - data not usable,F1213_F2,2013
J,Logical imputation,F1213_F2,2013
K,Ratio adjustment,F1213_F2,2013
L,Imputed using the Group Median procedure,F1213_F2,2013
N,Imputed using Nearest Neighbor procedure,F1213_F2,2013
P,Imputed using Carry Forward procedure,F1213_F2,2013
R,Reported,F1213_F2,2013
Z,Implied zero;,F1213_F2,2013
A,Not applicable,F1213_F3,2013
B,Institution left item blank,F1213_F3,2013
C,Analyst corrected reported value,F1213_F3,2013
D,Do not know,F1213_F3,2013
G,Data generated from other data values,F1213_F3,2013
H,Value not derived - data not usable,F1213_F3,2013
J,Logical imputation,F1213_F3,2013
K,Ratio adjustment,F1213_F3,2013
L,Imputed using the Group Median procedure,F1213_F3,2013
N,Imputed using Nearest Neighbor procedure,F1213_F3,2013
P,Imputed using Carry Forward procedure,F1213_F3,2013
R,Reported,F1213_F3,2013
Z,Implied zero;,F1213_F3,2013
A,Not applicable,F1213_F1A,2013
B,Institution left item blank,F1213_F1A,2013
C,Analyst corrected reported value,F1213_F1A,2013
D,Do not know,F1213_F1A,2013
G,Data generated from other data values,F1213_F1A,2013
H,Value not derived - data not usable,F1213_F1A,2013
J,Logical imputation,F1213_F1A,2013
K,Ratio adjustment,F1213_F1A,2013
L,Imputed using the Group Median procedure,F1213_F1A,2013
N,Imputed using Nearest Neighbor procedure,F1213_F1A,2013
P,Imputed using Carry Forward procedure,F1213_F1A,2013
R,Reported,F1213_F1A,2013
Z,Implied zero;,F1213_F1A,2013
A,Not applicable,F1213_F2,2013
B,Institution left item blank,F1213_F2,2013
C,Analyst corrected reported value,F1213_F2,2013
D,Do not know,F1213_F2,2013
G,Data generated from other data values,F1213_F2,2013
H,Value not derived - data not usable,F1213_F2,2013
J,Logical imputation,F1213_F2,2013
K,Ratio adjustment,F1213_F2,2013
L,Imputed using the Group Median procedure,F1213_F2,2013
N,Imputed using Nearest Neighbor procedure,F1213_F2,2013
P,Imputed using Carry Forward procedure,F1213_F2,2013
R,Reported,F1213_F2,2013
Z,Implied zero;,F1213_F2,2013
A,Not applicable,F1213_F3,2013
B,Institution left item blank,F1213_F3,2013
C,Analyst corrected reported value,F1213_F3,2013
D,Do not know,F1213_F3,2013
G,Data generated from other data values,F1213_F3,2013
H,Value not derived - data not usable,F1213_F3,2013
J,Logical imputation,F1213_F3,2013
K,Ratio adjustment,F1213_F3,2013
L,Imputed using the Group Median procedure,F1213_F3,2013
N,Imputed using Nearest Neighbor procedure,F1213_F3,2013
P,Imputed using Carry Forward procedure,F1213_F3,2013
R,Reported,F1213_F3,2013
Z,Implied zero;,F1213_F3,2013
A,Not applicable,GR200_13,2013
B,Institution left item blank,GR200_13,2013
C,Analyst corrected reported value,GR200_13,2013
D,Do not know,GR200_13,2013
G,Data generated from other data values,GR200_13,2013
H,Value not derived - data not usable,GR200_13,2013
J,Logical imputation,GR200_13,2013
K,Ratio adjustment,GR200_13,2013
L,Imputed using the Group Median procedure,GR200_13,2013
N,Imputed using Nearest Neighbor procedure,GR200_13,2013
P,Imputed using Carry Forward procedure,GR200_13,2013
R,Reported,GR200_13,2013
Z,Implied zero;,GR200_13,2013
A,Not applicable,GR2013,2013
B,Institution left item blank,GR2013,2013
C,Analyst corrected reported value,GR2013,2013
D,Do not know,GR2013,2013
G,Data generated from other data values,GR2013,2013
H,Value not derived - data not usable,GR2013,2013
J,Logical imputation,GR2013,2013
K,Ratio adjustment,GR2013,2013
L,Imputed using the Group Median procedure,GR2013,2013
N,Imputed using Nearest Neighbor procedure,GR2013,2013
P,Imputed using Carry Forward procedure,GR2013,2013
R,Reported,GR2013,2013
Z,Implied zero;,GR2013,2013
A,Not applicable,GR2013_L2,2013
B,Institution left item blank,GR2013_L2,2013
C,Analyst corrected reported value,GR2013_L2,2013
D,Do not know,GR2013_L2,2013
G,Data generated from other data values,GR2013_L2,2013
H,Value not derived - data not usable,GR2013_L2,2013
J,Logical imputation,GR2013_L2,2013
K,Ratio adjustment,GR2013_L2,2013
L,Imputed using the Group Median procedure,GR2013_L2,2013
N,Imputed using Nearest Neighbor procedure,GR2013_L2,2013
P,Imputed using Carry Forward procedure,GR2013_L2,2013
R,Reported,GR2013_L2,2013
Z,Implied zero;,GR2013_L2,2013
A,Not applicable,IC2013_AY.XLS,2013
B,Institution left item blank,IC2013_AY.XLS,2013
C,Analyst corrected reported value,IC2013_AY.XLS,2013
D,Do not know,IC2013_AY.XLS,2013
G,Data generated from other data values,IC2013_AY.XLS,2013
H,Value not derived - data not usable,IC2013_AY.XLS,2013
J,Logical imputation,IC2013_AY.XLS,2013
K,Ratio adjustment,IC2013_AY.XLS,2013
L,Imputed using the Group Median procedure,IC2013_AY.XLS,2013
N,Imputed using Nearest Neighbor procedure,IC2013_AY.XLS,2013
P,Imputed using Carry Forward procedure,IC2013_AY.XLS,2013
R,Reported,IC2013_AY.XLS,2013
Y,Particular Doctor's professional practice field not applicable,IC2013_AY.XLS,2013
Z,Implied zero;,IC2013_AY.XLS,2013
A,Not applicable,IC2013,2013
B,Institution left item blank,IC2013,2013
C,Analyst corrected reported value,IC2013,2013
D,Do not know,IC2013,2013
G,Data generated from other data values,IC2013,2013
H,Value not derived - data not usable,IC2013,2013
J,Logical imputation,IC2013,2013
K,Ratio adjustment,IC2013,2013
L,Imputed using the Group Median procedure,IC2013,2013
N,Imputed using Nearest Neighbor procedure,IC2013,2013
P,Imputed using Carry Forward procedure,IC2013,2013
R,Reported,IC2013,2013
Z,Implied zero;,IC2013,2013
A,Not applicable,IC2013_PY.XLS,2013
B,Institution left item blank,IC2013_PY.XLS,2013
C,Analyst corrected reported value,IC2013_PY.XLS,2013
D,Do not know,IC2013_PY.XLS,2013
G,Data generated from other data values,IC2013_PY.XLS,2013
H,Value not derived - data not usable,IC2013_PY.XLS,2013
J,Logical imputation,IC2013_PY.XLS,2013
K,Ratio adjustment,IC2013_PY.XLS,2013
L,Imputed using the Group Median procedure,IC2013_PY.XLS,2013
N,Imputed using Nearest Neighbor procedure,IC2013_PY.XLS,2013
P,Imputed using Carry Forward procedure,IC2013_PY.XLS,2013
R,Reported,IC2013_PY.XLS,2013
Z,Implied zero;,IC2013_PY.XLS,2013
A,Not applicable,S2013_IS,2013
B,Institution left item blank,S2013_IS,2013
C,Analyst corrected reported value,S2013_IS,2013
D,Do not know,S2013_IS,2013
G,Data generated from other data values,S2013_IS,2013
H,Value not derived - data not usable,S2013_IS,2013
J,Logical imputation,S2013_IS,2013
K,Ratio adjustment,S2013_IS,2013
L,Imputed using the Group Median procedure,S2013_IS,2013
N,Imputed using Nearest Neighbor procedure,S2013_IS,2013
P,Imputed using Carry Forward procedure,S2013_IS,2013
R,Reported,S2013_IS,2013
Z,Implied zero;,S2013_IS,2013
A,Not applicable,S2013_NH,2013
B,Institution left item blank,S2013_NH,2013
C,Analyst corrected reported value,S2013_NH,2013
D,Do not know,S2013_NH,2013
G,Data generated from other data values,S2013_NH,2013
H,Value not derived - data not usable,S2013_NH,2013
J,Logical imputation,S2013_NH,2013
K,Ratio adjustment,S2013_NH,2013
L,Imputed using the Group Median procedure,S2013_NH,2013
N,Imputed using Nearest Neighbor procedure,S2013_NH,2013
P,Imputed using Carry Forward procedure,S2013_NH,2013
R,Reported,S2013_NH,2013
Z,Implied zero;,S2013_NH,2013
A,Not applicable,S2013_OC,2013
B,Institution left item blank,S2013_OC,2013
C,Analyst corrected reported value,S2013_OC,2013
D,Do not know,S2013_OC,2013
G,Data generated from other data values,S2013_OC,2013
H,Value not derived - data not usable,S2013_OC,2013
J,Logical imputation,S2013_OC,2013
K,Ratio adjustment,S2013_OC,2013
L,Imputed using the Group Median procedure,S2013_OC,2013
N,Imputed using Nearest Neighbor procedure,S2013_OC,2013
P,Imputed using Carry Forward procedure,S2013_OC,2013
R,Reported,S2013_OC,2013
Z,Implied zero;,S2013_OC,2013
A,Not applicable,S2013_SIS,2013
B,Institution left item blank,S2013_SIS,2013
C,Analyst corrected reported value,S2013_SIS,2013
D,Do not know,S2013_SIS,2013
G,Data generated from other data values,S2013_SIS,2013
H,Value not derived - data not usable,S2013_SIS,2013
J,Logical imputation,S2013_SIS,2013
K,Ratio adjustment,S2013_SIS,2013
L,Imputed using the Group Median procedure,S2013_SIS,2013
N,Imputed using Nearest Neighbor procedure,S2013_SIS,2013
P,Imputed using Carry Forward procedure,S2013_SIS,2013
R,Reported,S2013_SIS,2013
Z,Implied zero;,S2013_SIS,2013
A,Not applicable,SAL2013_IS,2013
B,Institution left item blank,SAL2013_IS,2013
C,Analyst corrected reported value,SAL2013_IS,2013
D,Do not know,SAL2013_IS,2013
G,Data generated from other data values,SAL2013_IS,2013
H,Value not derived - data not usable,SAL2013_IS,2013
J,Logical imputation,SAL2013_IS,2013
K,Ratio adjustment,SAL2013_IS,2013
L,Imputed using the Group Median procedure,SAL2013_IS,2013
N,Imputed using Nearest Neighbor procedure,SAL2013_IS,2013
P,Imputed using Carry Forward procedure,SAL2013_IS,2013
R,Reported,SAL2013_IS,2013
Z,Implied zero;,SAL2013_IS,2013
A,Not applicable,SAL2013_NIS,2013
B,Institution left item blank,SAL2013_NIS,2013
C,Analyst corrected reported value,SAL2013_NIS,2013
D,Do not know,SAL2013_NIS,2013
G,Data generated from other data values,SAL2013_NIS,2013
H,Value not derived - data not usable,SAL2013_NIS,2013
J,Logical imputation,SAL2013_NIS,2013
K,Ratio adjustment,SAL2013_NIS,2013
L,Imputed using the Group Median procedure,SAL2013_NIS,2013
N,Imputed using Nearest Neighbor procedure,SAL2013_NIS,2013
P,Imputed using Carry Forward procedure,SAL2013_NIS,2013
R,Reported,SAL2013_NIS,2013
Z,Implied zero;,SAL2013_NIS,2013
A,Not applicable,SFA1213,2013
B,Institution left item blank,SFA1213,2013
C,Analyst corrected reported value,SFA1213,2013
D,Do not know,SFA1213,2013
G,Data generated from other data values,SFA1213,2013
H,Value not derived - data not usable,SFA1213,2013
J,Logical imputation,SFA1213,2013
K,Ratio adjustment,SFA1213,2013
L,Imputed using the Group Median procedure,SFA1213,2013
N,Imputed using Nearest Neighbor procedure,SFA1213,2013
P,Imputed using Carry Forward procedure,SFA1213,2013
R,Reported,SFA1213,2013
Z,Implied zero;,SFA1213,2013
A,Not applicable,SFA1213,2013
B,Institution left item blank,SFA1213,2013
C,Analyst corrected reported value,SFA1213,2013
D,Do not know,SFA1213,2013
G,Data generated from other data values,SFA1213,2013
H,Value not derived - data not usable,SFA1213,2013
J,Logical imputation,SFA1213,2013
K,Ratio adjustment,SFA1213,2013
L,Imputed using the Group Median procedure,SFA1213,2013
N,Imputed using Nearest Neighbor procedure,SFA1213,2013
P,Imputed using Carry Forward procedure,SFA1213,2013
R,Reported,SFA1213,2013
Z,Implied zero;,SFA1213,2013
A,Not applicable,ADM2014,2014
B,Institution left item blank,ADM2014,2014
C,Analyst corrected reported value,ADM2014,2014
D,Do not know,ADM2014,2014
G,Data generated from other data values,ADM2014,2014
H,Value not derived - data not usable,ADM2014,2014
J,Logical imputation,ADM2014,2014
K,Ratio adjustment,ADM2014,2014
L,Imputed using the Group Median procedure,ADM2014,2014
N,Imputed using Nearest Neighbor procedure,ADM2014,2014
P,Imputed using Carry Forward procedure,ADM2014,2014
R,Reported,ADM2014,2014
Z,Implied zero;,ADM2014,2014
A,Not applicable,AL2014,2014
B,Institution left item blank,AL2014,2014
C,Analyst corrected reported value,AL2014,2014
D,Do not know,AL2014,2014
G,Data generated from other data values,AL2014,2014
H,Value not derived - data not usable,AL2014,2014
J,Logical imputation,AL2014,2014
K,Ratio adjustment,AL2014,2014
L,Imputed using the Group Median procedure,AL2014,2014
N,Imputed using Nearest Neighbor procedure,AL2014,2014
P,Imputed using Carry Forward procedure,AL2014,2014
R,Reported,AL2014,2014
Z,Implied zero;,AL2014,2014
A,Not applicable,EAP2014,2014
B,Institution left item blank,EAP2014,2014
C,Analyst corrected reported value,EAP2014,2014
D,Do not know,EAP2014,2014
G,Data generated from other data values,EAP2014,2014
H,Value not derived - data not usable,EAP2014,2014
J,Logical imputation,EAP2014,2014
K,Ratio adjustment,EAP2014,2014
L,Imputed using the Group Median procedure,EAP2014,2014
N,Imputed using Nearest Neighbor procedure,EAP2014,2014
P,Imputed using Carry Forward procedure,EAP2014,2014
R,Reported,EAP2014,2014
Z,Implied zero;,EAP2014,2014
A,Not applicable,EF2014A,2014
B,Institution left item blank,EF2014A,2014
C,Analyst corrected reported value,EF2014A,2014
D,Do not know,EF2014A,2014
G,Data generated from other data values,EF2014A,2014
H,Value not derived - data not usable,EF2014A,2014
J,Logical imputation,EF2014A,2014
K,Ratio adjustment,EF2014A,2014
L,Imputed using the Group Median procedure,EF2014A,2014
N,Imputed using Nearest Neighbor procedure,EF2014A,2014
P,Imputed using Carry Forward procedure,EF2014A,2014
R,Reported,EF2014A,2014
Z,Implied zero;,EF2014A,2014
A,Not applicable,EF2014B,2014
B,Institution left item blank,EF2014B,2014
C,Analyst corrected reported value,EF2014B,2014
D,Do not know,EF2014B,2014
G,Data generated from other data values,EF2014B,2014
H,Value not derived - data not usable,EF2014B,2014
J,Logical imputation,EF2014B,2014
K,Ratio adjustment,EF2014B,2014
L,Imputed using the Group Median procedure,EF2014B,2014
N,Imputed using Nearest Neighbor procedure,EF2014B,2014
P,Imputed using Carry Forward procedure,EF2014B,2014
R,Reported,EF2014B,2014
Z,Implied zero;,EF2014B,2014
A,Not applicable,EF2014C,2014
B,Institution left item blank,EF2014C,2014
C,Analyst corrected reported value,EF2014C,2014
D,Do not know,EF2014C,2014
G,Data generated from other data values,EF2014C,2014
H,Value not derived - data not usable,EF2014C,2014
J,Logical imputation,EF2014C,2014
K,Ratio adjustment,EF2014C,2014
L,Imputed using the Group Median procedure,EF2014C,2014
N,Imputed using Nearest Neighbor procedure,EF2014C,2014
P,Imputed using Carry Forward procedure,EF2014C,2014
R,Reported,EF2014C,2014
Z,Implied zero;,EF2014C,2014
A,Not applicable,EF2014CP,2014
B,Institution left item blank,EF2014CP,2014
C,Analyst corrected reported value,EF2014CP,2014
D,Do not know,EF2014CP,2014
G,Data generated from other data values,EF2014CP,2014
H,Value not derived - data not usable,EF2014CP,2014
J,Logical imputation,EF2014CP,2014
K,Ratio adjustment,EF2014CP,2014
L,Imputed using the Group Median procedure,EF2014CP,2014
N,Imputed using Nearest Neighbor procedure,EF2014CP,2014
P,Imputed using Carry Forward procedure,EF2014CP,2014
R,Reported,EF2014CP,2014
Z,Implied zero;,EF2014CP,2014
A,Not applicable,EF2014D,2014
B,Institution left item blank,EF2014D,2014
C,Analyst corrected reported value,EF2014D,2014
D,Do not know,EF2014D,2014
G,Data generated from other data values,EF2014D,2014
H,Value not derived - data not usable,EF2014D,2014
J,Logical imputation,EF2014D,2014
K,Ratio adjustment,EF2014D,2014
L,Imputed using the Group Median procedure,EF2014D,2014
N,Imputed using Nearest Neighbor procedure,EF2014D,2014
P,Imputed using Carry Forward procedure,EF2014D,2014
R,Reported,EF2014D,2014
Z,Implied zero;,EF2014D,2014
A,Not applicable,F1314_F1A,2014
B,Institution left item blank,F1314_F1A,2014
C,Analyst corrected reported value,F1314_F1A,2014
D,Do not know,F1314_F1A,2014
G,Data generated from other data values,F1314_F1A,2014
H,Value not derived - data not usable,F1314_F1A,2014
J,Logical imputation,F1314_F1A,2014
K,Ratio adjustment,F1314_F1A,2014
L,Imputed using the Group Median procedure,F1314_F1A,2014
N,Imputed using Nearest Neighbor procedure,F1314_F1A,2014
P,Imputed using Carry Forward procedure,F1314_F1A,2014
R,Reported,F1314_F1A,2014
Z,Implied zero;,F1314_F1A,2014
A,Not applicable,F1314_F2,2014
B,Institution left item blank,F1314_F2,2014
C,Analyst corrected reported value,F1314_F2,2014
D,Do not know,F1314_F2,2014
G,Data generated from other data values,F1314_F2,2014
H,Value not derived - data not usable,F1314_F2,2014
J,Logical imputation,F1314_F2,2014
K,Ratio adjustment,F1314_F2,2014
L,Imputed using the Group Median procedure,F1314_F2,2014
N,Imputed using Nearest Neighbor procedure,F1314_F2,2014
P,Imputed using Carry Forward procedure,F1314_F2,2014
R,Reported,F1314_F2,2014
Z,Implied zero;,F1314_F2,2014
A,Not applicable,F1314_F3,2014
B,Institution left item blank,F1314_F3,2014
C,Analyst corrected reported value,F1314_F3,2014
D,Do not know,F1314_F3,2014
G,Data generated from other data values,F1314_F3,2014
H,Value not derived - data not usable,F1314_F3,2014
J,Logical imputation,F1314_F3,2014
K,Ratio adjustment,F1314_F3,2014
L,Imputed using the Group Median procedure,F1314_F3,2014
N,Imputed using Nearest Neighbor procedure,F1314_F3,2014
P,Imputed using Carry Forward procedure,F1314_F3,2014
R,Reported,F1314_F3,2014
Z,Implied zero;,F1314_F3,2014
A,Not applicable,F1314_F1A,2014
B,Institution left item blank,F1314_F1A,2014
C,Analyst corrected reported value,F1314_F1A,2014
D,Do not know,F1314_F1A,2014
G,Data generated from other data values,F1314_F1A,2014
H,Value not derived - data not usable,F1314_F1A,2014
J,Logical imputation,F1314_F1A,2014
K,Ratio adjustment,F1314_F1A,2014
L,Imputed using the Group Median procedure,F1314_F1A,2014
N,Imputed using Nearest Neighbor procedure,F1314_F1A,2014
P,Imputed using Carry Forward procedure,F1314_F1A,2014
R,Reported,F1314_F1A,2014
Z,Implied zero;,F1314_F1A,2014
A,Not applicable,F1314_F2,2014
B,Institution left item blank,F1314_F2,2014
C,Analyst corrected reported value,F1314_F2,2014
D,Do not know,F1314_F2,2014
G,Data generated from other data values,F1314_F2,2014
H,Value not derived - data not usable,F1314_F2,2014
J,Logical imputation,F1314_F2,2014
K,Ratio adjustment,F1314_F2,2014
L,Imputed using the Group Median procedure,F1314_F2,2014
N,Imputed using Nearest Neighbor procedure,F1314_F2,2014
P,Imputed using Carry Forward procedure,F1314_F2,2014
R,Reported,F1314_F2,2014
Z,Implied zero;,F1314_F2,2014
A,Not applicable,F1314_F3,2014
B,Institution left item blank,F1314_F3,2014
C,Analyst corrected reported value,F1314_F3,2014
D,Do not know,F1314_F3,2014
G,Data generated from other data values,F1314_F3,2014
H,Value not derived - data not usable,F1314_F3,2014
J,Logical imputation,F1314_F3,2014
K,Ratio adjustment,F1314_F3,2014
L,Imputed using the Group Median procedure,F1314_F3,2014
N,Imputed using Nearest Neighbor procedure,F1314_F3,2014
P,Imputed using Carry Forward procedure,F1314_F3,2014
R,Reported,F1314_F3,2014
Z,Implied zero;,F1314_F3,2014
A,Not applicable,GR200_14,2014
B,Institution left item blank,GR200_14,2014
C,Analyst corrected reported value,GR200_14,2014
D,Do not know,GR200_14,2014
G,Data generated from other data values,GR200_14,2014
H,Value not derived - data not usable,GR200_14,2014
J,Logical imputation,GR200_14,2014
K,Ratio adjustment,GR200_14,2014
L,Imputed using the Group Median procedure,GR200_14,2014
N,Imputed using Nearest Neighbor procedure,GR200_14,2014
P,Imputed using Carry Forward procedure,GR200_14,2014
R,Reported,GR200_14,2014
Z,Implied zero;,GR200_14,2014
A,Not applicable,GR2014,2014
B,Institution left item blank,GR2014,2014
C,Analyst corrected reported value,GR2014,2014
D,Do not know,GR2014,2014
G,Data generated from other data values,GR2014,2014
H,Value not derived - data not usable,GR2014,2014
J,Logical imputation,GR2014,2014
K,Ratio adjustment,GR2014,2014
L,Imputed using the Group Median procedure,GR2014,2014
N,Imputed using Nearest Neighbor procedure,GR2014,2014
P,Imputed using Carry Forward procedure,GR2014,2014
R,Reported,GR2014,2014
Z,Implied zero;,GR2014,2014
A,Not applicable,GR2014_L2,2014
B,Institution left item blank,GR2014_L2,2014
C,Analyst corrected reported value,GR2014_L2,2014
D,Do not know,GR2014_L2,2014
G,Data generated from other data values,GR2014_L2,2014
H,Value not derived - data not usable,GR2014_L2,2014
J,Logical imputation,GR2014_L2,2014
K,Ratio adjustment,GR2014_L2,2014
L,Imputed using the Group Median procedure,GR2014_L2,2014
N,Imputed using Nearest Neighbor procedure,GR2014_L2,2014
P,Imputed using Carry Forward procedure,GR2014_L2,2014
R,Reported,GR2014_L2,2014
Z,Implied zero;,GR2014_L2,2014
A,Not applicable,S2014_IS,2014
B,Institution left item blank,S2014_IS,2014
C,Analyst corrected reported value,S2014_IS,2014
D,Do not know,S2014_IS,2014
G,Data generated from other data values,S2014_IS,2014
H,Value not derived - data not usable,S2014_IS,2014
J,Logical imputation,S2014_IS,2014
K,Ratio adjustment,S2014_IS,2014
L,Imputed using the Group Median procedure,S2014_IS,2014
N,Imputed using Nearest Neighbor procedure,S2014_IS,2014
P,Imputed using Carry Forward procedure,S2014_IS,2014
R,Reported,S2014_IS,2014
Z,Implied zero;,S2014_IS,2014
A,Not applicable,S2014_NH,2014
B,Institution left item blank,S2014_NH,2014
C,Analyst corrected reported value,S2014_NH,2014
D,Do not know,S2014_NH,2014
G,Data generated from other data values,S2014_NH,2014
H,Value not derived - data not usable,S2014_NH,2014
J,Logical imputation,S2014_NH,2014
K,Ratio adjustment,S2014_NH,2014
L,Imputed using the Group Median procedure,S2014_NH,2014
N,Imputed using Nearest Neighbor procedure,S2014_NH,2014
P,Imputed using Carry Forward procedure,S2014_NH,2014
R,Reported,S2014_NH,2014
Z,Implied zero;,S2014_NH,2014
A,Not applicable,S2014_OC,2014
B,Institution left item blank,S2014_OC,2014
C,Analyst corrected reported value,S2014_OC,2014
D,Do not know,S2014_OC,2014
G,Data generated from other data values,S2014_OC,2014
H,Value not derived - data not usable,S2014_OC,2014
J,Logical imputation,S2014_OC,2014
K,Ratio adjustment,S2014_OC,2014
L,Imputed using the Group Median procedure,S2014_OC,2014
N,Imputed using Nearest Neighbor procedure,S2014_OC,2014
P,Imputed using Carry Forward procedure,S2014_OC,2014
R,Reported,S2014_OC,2014
Z,Implied zero;,S2014_OC,2014
A,Not applicable,S2014_SIS,2014
B,Institution left item blank,S2014_SIS,2014
C,Analyst corrected reported value,S2014_SIS,2014
D,Do not know,S2014_SIS,2014
G,Data generated from other data values,S2014_SIS,2014
H,Value not derived - data not usable,S2014_SIS,2014
J,Logical imputation,S2014_SIS,2014
K,Ratio adjustment,S2014_SIS,2014
L,Imputed using the Group Median procedure,S2014_SIS,2014
N,Imputed using Nearest Neighbor procedure,S2014_SIS,2014
P,Imputed using Carry Forward procedure,S2014_SIS,2014
R,Reported,S2014_SIS,2014
Z,Implied zero;,S2014_SIS,2014
A,Not applicable,SAL2014_IS,2014
B,Institution left item blank,SAL2014_IS,2014
C,Analyst corrected reported value,SAL2014_IS,2014
D,Do not know,SAL2014_IS,2014
G,Data generated from other data values,SAL2014_IS,2014
H,Value not derived - data not usable,SAL2014_IS,2014
J,Logical imputation,SAL2014_IS,2014
K,Ratio adjustment,SAL2014_IS,2014
L,Imputed using the Group Median procedure,SAL2014_IS,2014
N,Imputed using Nearest Neighbor procedure,SAL2014_IS,2014
P,Imputed using Carry Forward procedure,SAL2014_IS,2014
R,Reported,SAL2014_IS,2014
Z,Implied zero;,SAL2014_IS,2014
A,Not applicable,SAL2014_NIS,2014
B,Institution left item blank,SAL2014_NIS,2014
C,Analyst corrected reported value,SAL2014_NIS,2014
D,Do not know,SAL2014_NIS,2014
G,Data generated from other data values,SAL2014_NIS,2014
H,Value not derived - data not usable,SAL2014_NIS,2014
J,Logical imputation,SAL2014_NIS,2014
K,Ratio adjustment,SAL2014_NIS,2014
L,Imputed using the Group Median procedure,SAL2014_NIS,2014
N,Imputed using Nearest Neighbor procedure,SAL2014_NIS,2014
P,Imputed using Carry Forward procedure,SAL2014_NIS,2014
R,Reported,SAL2014_NIS,2014
Z,Implied zero;,SAL2014_NIS,2014
A,Not applicable,SFA1314,2014
B,Institution left item blank,SFA1314,2014
C,Analyst corrected reported value,SFA1314,2014
D,Do not know,SFA1314,2014
G,Data generated from other data values,SFA1314,2014
H,Value not derived - data not usable,SFA1314,2014
J,Logical imputation,SFA1314,2014
K,Ratio adjustment,SFA1314,2014
L,Imputed using the Group Median procedure,SFA1314,2014
N,Imputed using Nearest Neighbor procedure,SFA1314,2014
P,Imputed using Carry Forward procedure,SFA1314,2014
R,Reported,SFA1314,2014
Z,Implied zero;,SFA1314,2014
A,Not applicable,SFA1314,2014
B,Institution left item blank,SFA1314,2014
C,Analyst corrected reported value,SFA1314,2014
D,Do not know,SFA1314,2014
G,Data generated from other data values,SFA1314,2014
H,Value not derived - data not usable,SFA1314,2014
J,Logical imputation,SFA1314,2014
K,Ratio adjustment,SFA1314,2014
L,Imputed using the Group Median procedure,SFA1314,2014
N,Imputed using Nearest Neighbor procedure,SFA1314,2014
P,Imputed using Carry Forward procedure,SFA1314,2014
R,Reported,SFA1314,2014
Z,Implied zero;,SFA1314,2014
A,Not applicable,SFAV1314,2014
B,Institution left item blank,SFAV1314,2014
C,Analyst corrected reported value,SFAV1314,2014
D,Do not know,SFAV1314,2014
G,Data generated from other data values,SFAV1314,2014
H,Value not derived - data not usable,SFAV1314,2014
J,Logical imputation,SFAV1314,2014
K,Ratio adjustment,SFAV1314,2014
L,Imputed using the Group Median procedure,SFAV1314,2014
N,Imputed using Nearest Neighbor procedure,SFAV1314,2014
P,Imputed using Carry Forward procedure,SFAV1314,2014
R,Reported,SFAV1314,2014
Z,Implied zero;,SFAV1314,2014
A,Not applicable,SFAV1314,2014
B,Institution left item blank,SFAV1314,2014
C,Analyst corrected reported value,SFAV1314,2014
D,Do not know,SFAV1314,2014
G,Data generated from other data values,SFAV1314,2014
H,Value not derived - data not usable,SFAV1314,2014
J,Logical imputation,SFAV1314,2014
K,Ratio adjustment,SFAV1314,2014
L,Imputed using the Group Median procedure,SFAV1314,2014
N,Imputed using Nearest Neighbor procedure,SFAV1314,2014
P,Imputed using Carry Forward procedure,SFAV1314,2014
R,Reported,SFAV1314,2014
Z,Implied zero;,SFAV1314,2014
A,Not applicable,ADM2015,2015
B,Institution left item blank,ADM2015,2015
C,Analyst corrected reported value,ADM2015,2015
D,Do not know,ADM2015,2015
G,Data generated from other data values,ADM2015,2015
H,Value not derived - data not usable,ADM2015,2015
J,Logical imputation,ADM2015,2015
K,Ratio adjustment,ADM2015,2015
L,Imputed using the Group Median procedure,ADM2015,2015
N,Imputed using Nearest Neighbor procedure,ADM2015,2015
P,Imputed using Carry Forward procedure,ADM2015,2015
R,Reported,ADM2015,2015
Z,Implied zero;,ADM2015,2015
A,Not applicable,AL2015,2015
B,Institution left item blank,AL2015,2015
C,Analyst corrected reported value,AL2015,2015
D,Do not know,AL2015,2015
G,Data generated from other data values,AL2015,2015
H,Value not derived - data not usable,AL2015,2015
J,Logical imputation,AL2015,2015
K,Ratio adjustment,AL2015,2015
L,Imputed using the Group Median procedure,AL2015,2015
N,Imputed using Nearest Neighbor procedure,AL2015,2015
P,Imputed using Carry Forward procedure,AL2015,2015
R,Reported,AL2015,2015
Z,Implied zero;,AL2015,2015
A,Not applicable,C2015_A,2015
B,Institution left item blank,C2015_A,2015
C,Analyst corrected reported value,C2015_A,2015
D,Do not know,C2015_A,2015
G,Data generated from other data values,C2015_A,2015
H,Value not derived - data not usable,C2015_A,2015
J,Logical imputation,C2015_A,2015
K,Ratio adjustment,C2015_A,2015
L,Imputed using the Group Median procedure,C2015_A,2015
N,Imputed using Nearest Neighbor procedure,C2015_A,2015
P,Imputed using Carry Forward procedure,C2015_A,2015
R,Reported,C2015_A,2015
Z,Implied zero;,C2015_A,2015
A,Not applicable,C2015_C,2015
B,Institution left item blank,C2015_C,2015
C,Analyst corrected reported value,C2015_C,2015
D,Do not know,C2015_C,2015
G,Data generated from other data values,C2015_C,2015
H,Value not derived - data not usable,C2015_C,2015
J,Logical imputation,C2015_C,2015
K,Ratio adjustment,C2015_C,2015
L,Imputed using the Group Median procedure,C2015_C,2015
N,Imputed using Nearest Neighbor procedure,C2015_C,2015
P,Imputed using Carry Forward procedure,C2015_C,2015
R,Reported,C2015_C,2015
Z,Implied zero;,C2015_C,2015
A,Not applicable,EAP2015,2015
B,Institution left item blank,EAP2015,2015
C,Analyst corrected reported value,EAP2015,2015
D,Do not know,EAP2015,2015
G,Data generated from other data values,EAP2015,2015
H,Value not derived - data not usable,EAP2015,2015
J,Logical imputation,EAP2015,2015
K,Ratio adjustment,EAP2015,2015
L,Imputed using the Group Median procedure,EAP2015,2015
N,Imputed using Nearest Neighbor procedure,EAP2015,2015
P,Imputed using Carry Forward procedure,EAP2015,2015
R,Reported,EAP2015,2015
Z,Implied zero;,EAP2015,2015
A,Not applicable,EF2015A,2015
B,Institution left item blank,EF2015A,2015
C,Analyst corrected reported value,EF2015A,2015
D,Do not know,EF2015A,2015
G,Data generated from other data values,EF2015A,2015
H,Value not derived - data not usable,EF2015A,2015
J,Logical imputation,EF2015A,2015
K,Ratio adjustment,EF2015A,2015
L,Imputed using the Group Median procedure,EF2015A,2015
N,Imputed using Nearest Neighbor procedure,EF2015A,2015
P,Imputed using Carry Forward procedure,EF2015A,2015
R,Reported,EF2015A,2015
Z,Implied zero;,EF2015A,2015
A,Not applicable,EF2015B,2015
B,Institution left item blank,EF2015B,2015
C,Analyst corrected reported value,EF2015B,2015
D,Do not know,EF2015B,2015
G,Data generated from other data values,EF2015B,2015
H,Value not derived - data not usable,EF2015B,2015
J,Logical imputation,EF2015B,2015
K,Ratio adjustment,EF2015B,2015
L,Imputed using the Group Median procedure,EF2015B,2015
N,Imputed using Nearest Neighbor procedure,EF2015B,2015
P,Imputed using Carry Forward procedure,EF2015B,2015
R,Reported,EF2015B,2015
Z,Implied zero;,EF2015B,2015
A,Not applicable,EF2015C,2015
B,Institution left item blank,EF2015C,2015
C,Analyst corrected reported value,EF2015C,2015
D,Do not know,EF2015C,2015
G,Data generated from other data values,EF2015C,2015
H,Value not derived - data not usable,EF2015C,2015
J,Logical imputation,EF2015C,2015
K,Ratio adjustment,EF2015C,2015
L,Imputed using the Group Median procedure,EF2015C,2015
N,Imputed using Nearest Neighbor procedure,EF2015C,2015
P,Imputed using Carry Forward procedure,EF2015C,2015
R,Reported,EF2015C,2015
Z,Implied zero;,EF2015C,2015
A,Not applicable,EF2015D,2015
B,Institution left item blank,EF2015D,2015
C,Analyst corrected reported value,EF2015D,2015
D,Do not know,EF2015D,2015
G,Data generated from other data values,EF2015D,2015
H,Value not derived - data not usable,EF2015D,2015
J,Logical imputation,EF2015D,2015
K,Ratio adjustment,EF2015D,2015
L,Imputed using the Group Median procedure,EF2015D,2015
N,Imputed using Nearest Neighbor procedure,EF2015D,2015
P,Imputed using Carry Forward procedure,EF2015D,2015
R,Reported,EF2015D,2015
Z,Implied zero;,EF2015D,2015
A,Not applicable,EFFY2015,2015
B,Institution left item blank,EFFY2015,2015
C,Analyst corrected reported value,EFFY2015,2015
D,Do not know,EFFY2015,2015
G,Data generated from other data values,EFFY2015,2015
H,Value not derived - data not usable,EFFY2015,2015
J,Logical imputation,EFFY2015,2015
K,Ratio adjustment,EFFY2015,2015
L,Imputed using the Group Median procedure,EFFY2015,2015
N,Imputed using Nearest Neighbor procedure,EFFY2015,2015
P,Imputed using Carry Forward procedure,EFFY2015,2015
R,Reported,EFFY2015,2015
Z,Implied zero;,EFFY2015,2015
A,Not applicable,EFIA2015,2015
B,Institution left item blank,EFIA2015,2015
C,Analyst corrected reported value,EFIA2015,2015
D,Do not know,EFIA2015,2015
G,Data generated from other data values,EFIA2015,2015
H,Value not derived - data not usable,EFIA2015,2015
J,Logical imputation,EFIA2015,2015
K,Ratio adjustment,EFIA2015,2015
L,Imputed using the Group Median procedure,EFIA2015,2015
N,Imputed using Nearest Neighbor procedure,EFIA2015,2015
P,Imputed using Carry Forward procedure,EFIA2015,2015
R,Reported,EFIA2015,2015
Z,Implied zero;,EFIA2015,2015
A,Not applicable,F1415_F1A,2015
B,Institution left item blank,F1415_F1A,2015
C,Analyst corrected reported value,F1415_F1A,2015
D,Do not know,F1415_F1A,2015
G,Data generated from other data values,F1415_F1A,2015
H,Value not derived - data not usable,F1415_F1A,2015
J,Logical imputation,F1415_F1A,2015
K,Ratio adjustment,F1415_F1A,2015
L,Imputed using the Group Median procedure,F1415_F1A,2015
N,Imputed using Nearest Neighbor procedure,F1415_F1A,2015
P,Imputed using Carry Forward procedure,F1415_F1A,2015
R,Reported,F1415_F1A,2015
Z,Implied zero;,F1415_F1A,2015
A,Not applicable,F1415_F2,2015
B,Institution left item blank,F1415_F2,2015
C,Analyst corrected reported value,F1415_F2,2015
D,Do not know,F1415_F2,2015
G,Data generated from other data values,F1415_F2,2015
H,Value not derived - data not usable,F1415_F2,2015
J,Logical imputation,F1415_F2,2015
K,Ratio adjustment,F1415_F2,2015
L,Imputed using the Group Median procedure,F1415_F2,2015
N,Imputed using Nearest Neighbor procedure,F1415_F2,2015
P,Imputed using Carry Forward procedure,F1415_F2,2015
R,Reported,F1415_F2,2015
Z,Implied zero;,F1415_F2,2015
A,Not applicable,F1415_F3,2015
B,Institution left item blank,F1415_F3,2015
C,Analyst corrected reported value,F1415_F3,2015
D,Do not know,F1415_F3,2015
G,Data generated from other data values,F1415_F3,2015
H,Value not derived - data not usable,F1415_F3,2015
J,Logical imputation,F1415_F3,2015
K,Ratio adjustment,F1415_F3,2015
L,Imputed using the Group Median procedure,F1415_F3,2015
N,Imputed using Nearest Neighbor procedure,F1415_F3,2015
P,Imputed using Carry Forward procedure,F1415_F3,2015
R,Reported,F1415_F3,2015
Z,Implied zero;,F1415_F3,2015
A,Not applicable,F1415_F1A,2015
B,Institution left item blank,F1415_F1A,2015
C,Analyst corrected reported value,F1415_F1A,2015
D,Do not know,F1415_F1A,2015
G,Data generated from other data values,F1415_F1A,2015
H,Value not derived - data not usable,F1415_F1A,2015
J,Logical imputation,F1415_F1A,2015
K,Ratio adjustment,F1415_F1A,2015
L,Imputed using the Group Median procedure,F1415_F1A,2015
N,Imputed using Nearest Neighbor procedure,F1415_F1A,2015
P,Imputed using Carry Forward procedure,F1415_F1A,2015
R,Reported,F1415_F1A,2015
Z,Implied zero;,F1415_F1A,2015
A,Not applicable,F1415_F2,2015
B,Institution left item blank,F1415_F2,2015
C,Analyst corrected reported value,F1415_F2,2015
D,Do not know,F1415_F2,2015
G,Data generated from other data values,F1415_F2,2015
H,Value not derived - data not usable,F1415_F2,2015
J,Logical imputation,F1415_F2,2015
K,Ratio adjustment,F1415_F2,2015
L,Imputed using the Group Median procedure,F1415_F2,2015
N,Imputed using Nearest Neighbor procedure,F1415_F2,2015
P,Imputed using Carry Forward procedure,F1415_F2,2015
R,Reported,F1415_F2,2015
Z,Implied zero;,F1415_F2,2015
A,Not applicable,F1415_F3,2015
B,Institution left item blank,F1415_F3,2015
C,Analyst corrected reported value,F1415_F3,2015
D,Do not know,F1415_F3,2015
G,Data generated from other data values,F1415_F3,2015
H,Value not derived - data not usable,F1415_F3,2015
J,Logical imputation,F1415_F3,2015
K,Ratio adjustment,F1415_F3,2015
L,Imputed using the Group Median procedure,F1415_F3,2015
N,Imputed using Nearest Neighbor procedure,F1415_F3,2015
P,Imputed using Carry Forward procedure,F1415_F3,2015
R,Reported,F1415_F3,2015
Z,Implied zero;,F1415_F3,2015
A,Not applicable,GR200_15,2015
B,Institution left item blank,GR200_15,2015
C,Analyst corrected reported value,GR200_15,2015
D,Do not know,GR200_15,2015
G,Data generated from other data values,GR200_15,2015
H,Value not derived - data not usable,GR200_15,2015
J,Logical imputation,GR200_15,2015
K,Ratio adjustment,GR200_15,2015
L,Imputed using the Group Median procedure,GR200_15,2015
N,Imputed using Nearest Neighbor procedure,GR200_15,2015
P,Imputed using Carry Forward procedure,GR200_15,2015
R,Reported,GR200_15,2015
Z,Implied zero;,GR200_15,2015
A,Not applicable,GR2015,2015
B,Institution left item blank,GR2015,2015
C,Analyst corrected reported value,GR2015,2015
D,Do not know,GR2015,2015
G,Data generated from other data values,GR2015,2015
H,Value not derived - data not usable,GR2015,2015
J,Logical imputation,GR2015,2015
K,Ratio adjustment,GR2015,2015
L,Imputed using the Group Median procedure,GR2015,2015
N,Imputed using Nearest Neighbor procedure,GR2015,2015
P,Imputed using Carry Forward procedure,GR2015,2015
R,Reported,GR2015,2015
Z,Implied zero;,GR2015,2015
A,Not applicable,GR2015_L2,2015
B,Institution left item blank,GR2015_L2,2015
C,Analyst corrected reported value,GR2015_L2,2015
D,Do not know,GR2015_L2,2015
G,Data generated from other data values,GR2015_L2,2015
H,Value not derived - data not usable,GR2015_L2,2015
J,Logical imputation,GR2015_L2,2015
K,Ratio adjustment,GR2015_L2,2015
L,Imputed using the Group Median procedure,GR2015_L2,2015
N,Imputed using Nearest Neighbor procedure,GR2015_L2,2015
P,Imputed using Carry Forward procedure,GR2015_L2,2015
R,Reported,GR2015_L2,2015
Z,Implied zero;,GR2015_L2,2015
A,Not applicable,IC2015_AY,2015
B,Institution left item blank,IC2015_AY,2015
C,Analyst corrected reported value,IC2015_AY,2015
D,Do not know,IC2015_AY,2015
G,Data generated from other data values,IC2015_AY,2015
H,Value not derived - data not usable,IC2015_AY,2015
J,Logical imputation,IC2015_AY,2015
K,Ratio adjustment,IC2015_AY,2015
L,Imputed using the Group Median procedure,IC2015_AY,2015
N,Imputed using Nearest Neighbor procedure,IC2015_AY,2015
P,Imputed using Carry Forward procedure,IC2015_AY,2015
R,Reported,IC2015_AY,2015
Y,Particular Doctor's professional practice field not applicable,IC2015_AY,2015
Z,Implied zero;,IC2015_AY,2015
A,Not applicable,IC2015_PY,2015
B,Institution left item blank,IC2015_PY,2015
C,Analyst corrected reported value,IC2015_PY,2015
D,Do not know,IC2015_PY,2015
G,Data generated from other data values,IC2015_PY,2015
H,Value not derived - data not usable,IC2015_PY,2015
J,Logical imputation,IC2015_PY,2015
K,Ratio adjustment,IC2015_PY,2015
L,Imputed using the Group Median procedure,IC2015_PY,2015
N,Imputed using Nearest Neighbor procedure,IC2015_PY,2015
P,Imputed using Carry Forward procedure,IC2015_PY,2015
R,Reported,IC2015_PY,2015
Z,Implied zero;,IC2015_PY,2015
A,Not applicable,OM2015,2015
B,Institution left item blank,OM2015,2015
C,Analyst corrected reported value,OM2015,2015
D,Do not know,OM2015,2015
G,Data generated from other data values,OM2015,2015
H,Value not derived - data not usable,OM2015,2015
J,Logical imputation,OM2015,2015
K,Ratio adjustment,OM2015,2015
L,Imputed using the Group Median procedure,OM2015,2015
N,Imputed using Nearest Neighbor procedure,OM2015,2015
P,Imputed using Carry Forward procedure,OM2015,2015
R,Reported,OM2015,2015
Z,Implied zero;,OM2015,2015
A,Not applicable,S2015_IS,2015
B,Institution left item blank,S2015_IS,2015
C,Analyst corrected reported value,S2015_IS,2015
D,Do not know,S2015_IS,2015
G,Data generated from other data values,S2015_IS,2015
H,Value not derived - data not usable,S2015_IS,2015
J,Logical imputation,S2015_IS,2015
K,Ratio adjustment,S2015_IS,2015
L,Imputed using the Group Median procedure,S2015_IS,2015
N,Imputed using Nearest Neighbor procedure,S2015_IS,2015
P,Imputed using Carry Forward procedure,S2015_IS,2015
R,Reported,S2015_IS,2015
Z,Implied zero;,S2015_IS,2015
A,Not applicable,S2015_NH,2015
B,Institution left item blank,S2015_NH,2015
C,Analyst corrected reported value,S2015_NH,2015
D,Do not know,S2015_NH,2015
G,Data generated from other data values,S2015_NH,2015
H,Value not derived - data not usable,S2015_NH,2015
J,Logical imputation,S2015_NH,2015
K,Ratio adjustment,S2015_NH,2015
L,Imputed using the Group Median procedure,S2015_NH,2015
N,Imputed using Nearest Neighbor procedure,S2015_NH,2015
P,Imputed using Carry Forward procedure,S2015_NH,2015
R,Reported,S2015_NH,2015
Z,Implied zero;,S2015_NH,2015
A,Not applicable,S2015_OC,2015
B,Institution left item blank,S2015_OC,2015
C,Analyst corrected reported value,S2015_OC,2015
D,Do not know,S2015_OC,2015
G,Data generated from other data values,S2015_OC,2015
H,Value not derived - data not usable,S2015_OC,2015
J,Logical imputation,S2015_OC,2015
K,Ratio adjustment,S2015_OC,2015
L,Imputed using the Group Median procedure,S2015_OC,2015
N,Imputed using Nearest Neighbor procedure,S2015_OC,2015
P,Imputed using Carry Forward procedure,S2015_OC,2015
R,Reported,S2015_OC,2015
Z,Implied zero;,S2015_OC,2015
A,Not applicable,S2015_SIS,2015
B,Institution left item blank,S2015_SIS,2015
C,Analyst corrected reported value,S2015_SIS,2015
D,Do not know,S2015_SIS,2015
G,Data generated from other data values,S2015_SIS,2015
H,Value not derived - data not usable,S2015_SIS,2015
J,Logical imputation,S2015_SIS,2015
K,Ratio adjustment,S2015_SIS,2015
L,Imputed using the Group Median procedure,S2015_SIS,2015
N,Imputed using Nearest Neighbor procedure,S2015_SIS,2015
P,Imputed using Carry Forward procedure,S2015_SIS,2015
R,Reported,S2015_SIS,2015
Z,Implied zero;,S2015_SIS,2015
A,Not applicable,SAL2015_IS,2015
B,Institution left item blank,SAL2015_IS,2015
C,Analyst corrected reported value,SAL2015_IS,2015
D,Do not know,SAL2015_IS,2015
G,Data generated from other data values,SAL2015_IS,2015
H,Value not derived - data not usable,SAL2015_IS,2015
J,Logical imputation,SAL2015_IS,2015
K,Ratio adjustment,SAL2015_IS,2015
L,Imputed using the Group Median procedure,SAL2015_IS,2015
N,Imputed using Nearest Neighbor procedure,SAL2015_IS,2015
P,Imputed using Carry Forward procedure,SAL2015_IS,2015
R,Reported,SAL2015_IS,2015
Z,Implied zero;,SAL2015_IS,2015
A,Not applicable,SAL2015_NIS,2015
B,Institution left item blank,SAL2015_NIS,2015
C,Analyst corrected reported value,SAL2015_NIS,2015
D,Do not know,SAL2015_NIS,2015
G,Data generated from other data values,SAL2015_NIS,2015
H,Value not derived - data not usable,SAL2015_NIS,2015
J,Logical imputation,SAL2015_NIS,2015
K,Ratio adjustment,SAL2015_NIS,2015
L,Imputed using the Group Median procedure,SAL2015_NIS,2015
N,Imputed using Nearest Neighbor procedure,SAL2015_NIS,2015
P,Imputed using Carry Forward procedure,SAL2015_NIS,2015
R,Reported,SAL2015_NIS,2015
Z,Implied zero;,SAL2015_NIS,2015
A,Not applicable,SFA1415,2015
B,Institution left item blank,SFA1415,2015
C,Analyst corrected reported value,SFA1415,2015
D,Do not know,SFA1415,2015
G,Data generated from other data values,SFA1415,2015
H,Value not derived - data not usable,SFA1415,2015
J,Logical imputation,SFA1415,2015
K,Ratio adjustment,SFA1415,2015
L,Imputed using the Group Median procedure,SFA1415,2015
N,Imputed using Nearest Neighbor procedure,SFA1415,2015
P,Imputed using Carry Forward procedure,SFA1415,2015
R,Reported,SFA1415,2015
Z,Implied zero;,SFA1415,2015
A,Not applicable,SFA1415,2015
B,Institution left item blank,SFA1415,2015
C,Analyst corrected reported value,SFA1415,2015
D,Do not know,SFA1415,2015
G,Data generated from other data values,SFA1415,2015
H,Value not derived - data not usable,SFA1415,2015
J,Logical imputation,SFA1415,2015
K,Ratio adjustment,SFA1415,2015
L,Imputed using the Group Median procedure,SFA1415,2015
N,Imputed using Nearest Neighbor procedure,SFA1415,2015
P,Imputed using Carry Forward procedure,SFA1415,2015
R,Reported,SFA1415,2015
Z,Implied zero;,SFA1415,2015
A,Not applicable,SFAV1415,2015
B,Institution left item blank,SFAV1415,2015
C,Analyst corrected reported value,SFAV1415,2015
D,Do not know,SFAV1415,2015
G,Data generated from other data values,SFAV1415,2015
H,Value not derived - data not usable,SFAV1415,2015
J,Logical imputation,SFAV1415,2015
K,Ratio adjustment,SFAV1415,2015
L,Imputed using the Group Median procedure,SFAV1415,2015
N,Imputed using Nearest Neighbor procedure,SFAV1415,2015
P,Imputed using Carry Forward procedure,SFAV1415,2015
R,Reported,SFAV1415,2015
Z,Implied zero;,SFAV1415,2015
A,Not applicable,SFAV1415,2015
B,Institution left item blank,SFAV1415,2015
C,Analyst corrected reported value,SFAV1415,2015
D,Do not know,SFAV1415,2015
G,Data generated from other data values,SFAV1415,2015
H,Value not derived - data not usable,SFAV1415,2015
J,Logical imputation,SFAV1415,2015
K,Ratio adjustment,SFAV1415,2015
L,Imputed using the Group Median procedure,SFAV1415,2015
N,Imputed using Nearest Neighbor procedure,SFAV1415,2015
P,Imputed using Carry Forward procedure,SFAV1415,2015
R,Reported,SFAV1415,2015
Z,Implied zero;,SFAV1415,2015
A,Not applicable,ADM2016,2016
B,Institution left item blank,ADM2016,2016
C,Analyst corrected reported value,ADM2016,2016
D,Do not know,ADM2016,2016
G,Data generated from other data values,ADM2016,2016
H,Value not derived - data not usable,ADM2016,2016
J,Logical imputation,ADM2016,2016
K,Ratio adjustment,ADM2016,2016
L,Imputed using the Group Median procedure,ADM2016,2016
N,Imputed using Nearest Neighbor procedure,ADM2016,2016
P,Imputed using Carry Forward procedure,ADM2016,2016
R,Reported,ADM2016,2016
Z,Implied zero;,ADM2016,2016
A,Not applicable,AL2016,2016
B,Institution left item blank,AL2016,2016
C,Analyst corrected reported value,AL2016,2016
D,Do not know,AL2016,2016
G,Data generated from other data values,AL2016,2016
H,Value not derived - data not usable,AL2016,2016
J,Logical imputation,AL2016,2016
K,Ratio adjustment,AL2016,2016
L,Imputed using the Group Median procedure,AL2016,2016
N,Imputed using Nearest Neighbor procedure,AL2016,2016
P,Imputed using Carry Forward procedure,AL2016,2016
R,Reported,AL2016,2016
Z,Implied zero;,AL2016,2016
A,Not applicable,C2016_A,2016
B,Institution left item blank,C2016_A,2016
C,Analyst corrected reported value,C2016_A,2016
D,Do not know,C2016_A,2016
G,Data generated from other data values,C2016_A,2016
H,Value not derived - data not usable,C2016_A,2016
J,Logical imputation,C2016_A,2016
K,Ratio adjustment,C2016_A,2016
L,Imputed using the Group Median procedure,C2016_A,2016
N,Imputed using Nearest Neighbor procedure,C2016_A,2016
P,Imputed using Carry Forward procedure,C2016_A,2016
R,Reported,C2016_A,2016
Z,Implied zero;,C2016_A,2016
A,Not applicable,C2016_C,2016
B,Institution left item blank,C2016_C,2016
C,Analyst corrected reported value,C2016_C,2016
D,Do not know,C2016_C,2016
G,Data generated from other data values,C2016_C,2016
H,Value not derived - data not usable,C2016_C,2016
J,Logical imputation,C2016_C,2016
K,Ratio adjustment,C2016_C,2016
L,Imputed using the Group Median procedure,C2016_C,2016
N,Imputed using Nearest Neighbor procedure,C2016_C,2016
P,Imputed using Carry Forward procedure,C2016_C,2016
R,Reported,C2016_C,2016
Z,Implied zero;,C2016_C,2016
A,Not applicable,EAP2016,2016
B,Institution left item blank,EAP2016,2016
C,Analyst corrected reported value,EAP2016,2016
D,Do not know,EAP2016,2016
G,Data generated from other data values,EAP2016,2016
H,Value not derived - data not usable,EAP2016,2016
J,Logical imputation,EAP2016,2016
K,Ratio adjustment,EAP2016,2016
L,Imputed using the Group Median procedure,EAP2016,2016
N,Imputed using Nearest Neighbor procedure,EAP2016,2016
P,Imputed using Carry Forward procedure,EAP2016,2016
R,Reported,EAP2016,2016
Z,Implied zero;,EAP2016,2016
A,Not applicable,EF2016A,2016
B,Institution left item blank,EF2016A,2016
C,Analyst corrected reported value,EF2016A,2016
D,Do not know,EF2016A,2016
G,Data generated from other data values,EF2016A,2016
H,Value not derived - data not usable,EF2016A,2016
J,Logical imputation,EF2016A,2016
K,Ratio adjustment,EF2016A,2016
L,Imputed using the Group Median procedure,EF2016A,2016
N,Imputed using Nearest Neighbor procedure,EF2016A,2016
P,Imputed using Carry Forward procedure,EF2016A,2016
R,Reported,EF2016A,2016
Z,Implied zero;,EF2016A,2016
A,Not applicable,EF2016B,2016
B,Institution left item blank,EF2016B,2016
C,Analyst corrected reported value,EF2016B,2016
D,Do not know,EF2016B,2016
G,Data generated from other data values,EF2016B,2016
H,Value not derived - data not usable,EF2016B,2016
J,Logical imputation,EF2016B,2016
K,Ratio adjustment,EF2016B,2016
L,Imputed using the Group Median procedure,EF2016B,2016
N,Imputed using Nearest Neighbor procedure,EF2016B,2016
P,Imputed using Carry Forward procedure,EF2016B,2016
R,Reported,EF2016B,2016
Z,Implied zero;,EF2016B,2016
A,Not applicable,EF2016C,2016
B,Institution left item blank,EF2016C,2016
C,Analyst corrected reported value,EF2016C,2016
D,Do not know,EF2016C,2016
G,Data generated from other data values,EF2016C,2016
H,Value not derived - data not usable,EF2016C,2016
J,Logical imputation,EF2016C,2016
K,Ratio adjustment,EF2016C,2016
L,Imputed using the Group Median procedure,EF2016C,2016
N,Imputed using Nearest Neighbor procedure,EF2016C,2016
P,Imputed using Carry Forward procedure,EF2016C,2016
R,Reported,EF2016C,2016
Z,Implied zero;,EF2016C,2016
A,Not applicable,EF2016D,2016
B,Institution left item blank,EF2016D,2016
C,Analyst corrected reported value,EF2016D,2016
D,Do not know,EF2016D,2016
G,Data generated from other data values,EF2016D,2016
H,Value not derived - data not usable,EF2016D,2016
J,Logical imputation,EF2016D,2016
K,Ratio adjustment,EF2016D,2016
L,Imputed using the Group Median procedure,EF2016D,2016
N,Imputed using Nearest Neighbor procedure,EF2016D,2016
P,Imputed using Carry Forward procedure,EF2016D,2016
R,Reported,EF2016D,2016
Z,Implied zero;,EF2016D,2016
A,Not applicable,EFFY2016,2016
B,Institution left item blank,EFFY2016,2016
C,Analyst corrected reported value,EFFY2016,2016
D,Do not know,EFFY2016,2016
G,Data generated from other data values,EFFY2016,2016
H,Value not derived - data not usable,EFFY2016,2016
J,Logical imputation,EFFY2016,2016
K,Ratio adjustment,EFFY2016,2016
L,Imputed using the Group Median procedure,EFFY2016,2016
N,Imputed using Nearest Neighbor procedure,EFFY2016,2016
P,Imputed using Carry Forward procedure,EFFY2016,2016
R,Reported,EFFY2016,2016
Z,Implied zero;,EFFY2016,2016
A,Not applicable,EFIA2016,2016
B,Institution left item blank,EFIA2016,2016
C,Analyst corrected reported value,EFIA2016,2016
D,Do not know,EFIA2016,2016
G,Data generated from other data values,EFIA2016,2016
H,Value not derived - data not usable,EFIA2016,2016
J,Logical imputation,EFIA2016,2016
K,Ratio adjustment,EFIA2016,2016
L,Imputed using the Group Median procedure,EFIA2016,2016
N,Imputed using Nearest Neighbor procedure,EFIA2016,2016
P,Imputed using Carry Forward procedure,EFIA2016,2016
R,Reported,EFIA2016,2016
Z,Implied zero;,EFIA2016,2016
A,Not applicable,F1516_F1A,2016
B,Institution left item blank,F1516_F1A,2016
C,Analyst corrected reported value,F1516_F1A,2016
D,Do not know,F1516_F1A,2016
G,Data generated from other data values,F1516_F1A,2016
H,Value not derived - data not usable,F1516_F1A,2016
J,Logical imputation,F1516_F1A,2016
K,Ratio adjustment,F1516_F1A,2016
L,Imputed using the Group Median procedure,F1516_F1A,2016
N,Imputed using Nearest Neighbor procedure,F1516_F1A,2016
P,Imputed using Carry Forward procedure,F1516_F1A,2016
R,Reported,F1516_F1A,2016
Z,Implied zero;,F1516_F1A,2016
A,Not applicable,F1516_F2,2016
B,Institution left item blank,F1516_F2,2016
C,Analyst corrected reported value,F1516_F2,2016
D,Do not know,F1516_F2,2016
G,Data generated from other data values,F1516_F2,2016
H,Value not derived - data not usable,F1516_F2,2016
J,Logical imputation,F1516_F2,2016
K,Ratio adjustment,F1516_F2,2016
L,Imputed using the Group Median procedure,F1516_F2,2016
N,Imputed using Nearest Neighbor procedure,F1516_F2,2016
P,Imputed using Carry Forward procedure,F1516_F2,2016
R,Reported,F1516_F2,2016
Z,Implied zero;,F1516_F2,2016
A,Not applicable,F1516_F3,2016
B,Institution left item blank,F1516_F3,2016
C,Analyst corrected reported value,F1516_F3,2016
D,Do not know,F1516_F3,2016
G,Data generated from other data values,F1516_F3,2016
H,Value not derived - data not usable,F1516_F3,2016
J,Logical imputation,F1516_F3,2016
K,Ratio adjustment,F1516_F3,2016
L,Imputed using the Group Median procedure,F1516_F3,2016
N,Imputed using Nearest Neighbor procedure,F1516_F3,2016
P,Imputed using Carry Forward procedure,F1516_F3,2016
R,Reported,F1516_F3,2016
Z,Implied zero;,F1516_F3,2016
A,Not applicable,F1516_F1A,2016
B,Institution left item blank,F1516_F1A,2016
C,Analyst corrected reported value,F1516_F1A,2016
D,Do not know,F1516_F1A,2016
G,Data generated from other data values,F1516_F1A,2016
H,Value not derived - data not usable,F1516_F1A,2016
J,Logical imputation,F1516_F1A,2016
K,Ratio adjustment,F1516_F1A,2016
L,Imputed using the Group Median procedure,F1516_F1A,2016
N,Imputed using Nearest Neighbor procedure,F1516_F1A,2016
P,Imputed using Carry Forward procedure,F1516_F1A,2016
R,Reported,F1516_F1A,2016
Z,Implied zero;,F1516_F1A,2016
A,Not applicable,F1516_F2,2016
B,Institution left item blank,F1516_F2,2016
C,Analyst corrected reported value,F1516_F2,2016
D,Do not know,F1516_F2,2016
G,Data generated from other data values,F1516_F2,2016
H,Value not derived - data not usable,F1516_F2,2016
J,Logical imputation,F1516_F2,2016
K,Ratio adjustment,F1516_F2,2016
L,Imputed using the Group Median procedure,F1516_F2,2016
N,Imputed using Nearest Neighbor procedure,F1516_F2,2016
P,Imputed using Carry Forward procedure,F1516_F2,2016
R,Reported,F1516_F2,2016
Z,Implied zero;,F1516_F2,2016
A,Not applicable,F1516_F3,2016
B,Institution left item blank,F1516_F3,2016
C,Analyst corrected reported value,F1516_F3,2016
D,Do not know,F1516_F3,2016
G,Data generated from other data values,F1516_F3,2016
H,Value not derived - data not usable,F1516_F3,2016
J,Logical imputation,F1516_F3,2016
K,Ratio adjustment,F1516_F3,2016
L,Imputed using the Group Median procedure,F1516_F3,2016
N,Imputed using Nearest Neighbor procedure,F1516_F3,2016
P,Imputed using Carry Forward procedure,F1516_F3,2016
R,Reported,F1516_F3,2016
Z,Implied zero;,F1516_F3,2016
A,Not applicable,GR200_16,2016
B,Institution left item blank,GR200_16,2016
C,Analyst corrected reported value,GR200_16,2016
D,Do not know,GR200_16,2016
G,Data generated from other data values,GR200_16,2016
H,Value not derived - data not usable,GR200_16,2016
J,Logical imputation,GR200_16,2016
K,Ratio adjustment,GR200_16,2016
L,Imputed using the Group Median procedure,GR200_16,2016
N,Imputed using Nearest Neighbor procedure,GR200_16,2016
P,Imputed using Carry Forward procedure,GR200_16,2016
R,Reported,GR200_16,2016
Z,Implied zero;,GR200_16,2016
A,Not applicable,GR2016,2016
B,Institution left item blank,GR2016,2016
C,Analyst corrected reported value,GR2016,2016
D,Do not know,GR2016,2016
G,Data generated from other data values,GR2016,2016
H,Value not derived - data not usable,GR2016,2016
J,Logical imputation,GR2016,2016
K,Ratio adjustment,GR2016,2016
L,Imputed using the Group Median procedure,GR2016,2016
N,Imputed using Nearest Neighbor procedure,GR2016,2016
P,Imputed using Carry Forward procedure,GR2016,2016
R,Reported,GR2016,2016
Z,Implied zero;,GR2016,2016
A,Not applicable,GR2016_L2,2016
B,Institution left item blank,GR2016_L2,2016
C,Analyst corrected reported value,GR2016_L2,2016
D,Do not know,GR2016_L2,2016
G,Data generated from other data values,GR2016_L2,2016
H,Value not derived - data not usable,GR2016_L2,2016
J,Logical imputation,GR2016_L2,2016
K,Ratio adjustment,GR2016_L2,2016
L,Imputed using the Group Median procedure,GR2016_L2,2016
N,Imputed using Nearest Neighbor procedure,GR2016_L2,2016
P,Imputed using Carry Forward procedure,GR2016_L2,2016
R,Reported,GR2016_L2,2016
Z,Implied zero;,GR2016_L2,2016
A,Not applicable,GR2016_PELL_SSL,2016
B,Institution left item blank,GR2016_PELL_SSL,2016
C,Analyst corrected reported value,GR2016_PELL_SSL,2016
D,Do not know,GR2016_PELL_SSL,2016
G,Data generated from other data values,GR2016_PELL_SSL,2016
H,Value not derived - data not usable,GR2016_PELL_SSL,2016
J,Logical imputation,GR2016_PELL_SSL,2016
K,Ratio adjustment,GR2016_PELL_SSL,2016
L,Imputed using the Group Median procedure,GR2016_PELL_SSL,2016
N,Imputed using Nearest Neighbor procedure,GR2016_PELL_SSL,2016
P,Imputed using Carry Forward procedure,GR2016_PELL_SSL,2016
R,Reported,GR2016_PELL_SSL,2016
Z,Implied zero;,GR2016_PELL_SSL,2016
A,Not applicable,IC2016_AY,2016
B,Institution left item blank,IC2016_AY,2016
C,Analyst corrected reported value,IC2016_AY,2016
D,Do not know,IC2016_AY,2016
G,Data generated from other data values,IC2016_AY,2016
H,Value not derived - data not usable,IC2016_AY,2016
J,Logical imputation,IC2016_AY,2016
K,Ratio adjustment,IC2016_AY,2016
L,Imputed using the Group Median procedure,IC2016_AY,2016
N,Imputed using Nearest Neighbor procedure,IC2016_AY,2016
P,Imputed using Carry Forward procedure,IC2016_AY,2016
R,Reported,IC2016_AY,2016
Y,Particular Doctor's professional practice field not applicable,IC2016_AY,2016
Z,Implied zero;,IC2016_AY,2016
A,Not applicable,IC2016_PY,2016
B,Institution left item blank,IC2016_PY,2016
C,Analyst corrected reported value,IC2016_PY,2016
D,Do not know,IC2016_PY,2016
G,Data generated from other data values,IC2016_PY,2016
H,Value not derived - data not usable,IC2016_PY,2016
J,Logical imputation,IC2016_PY,2016
K,Ratio adjustment,IC2016_PY,2016
L,Imputed using the Group Median procedure,IC2016_PY,2016
N,Imputed using Nearest Neighbor procedure,IC2016_PY,2016
P,Imputed using Carry Forward procedure,IC2016_PY,2016
R,Reported,IC2016_PY,2016
Z,Implied zero;,IC2016_PY,2016
A,Not applicable,OM2016,2016
B,Institution left item blank,OM2016,2016
C,Analyst corrected reported value,OM2016,2016
D,Do not know,OM2016,2016
G,Data generated from other data values,OM2016,2016
H,Value not derived - data not usable,OM2016,2016
J,Logical imputation,OM2016,2016
K,Ratio adjustment,OM2016,2016
L,Imputed using the Group Median procedure,OM2016,2016
N,Imputed using Nearest Neighbor procedure,OM2016,2016
P,Imputed using Carry Forward procedure,OM2016,2016
R,Reported,OM2016,2016
Z,Implied zero;,OM2016,2016
A,Not applicable,S2016_IS,2016
B,Institution left item blank,S2016_IS,2016
C,Analyst corrected reported value,S2016_IS,2016
D,Do not know,S2016_IS,2016
G,Data generated from other data values,S2016_IS,2016
H,Value not derived - data not usable,S2016_IS,2016
J,Logical imputation,S2016_IS,2016
K,Ratio adjustment,S2016_IS,2016
L,Imputed using the Group Median procedure,S2016_IS,2016
N,Imputed using Nearest Neighbor procedure,S2016_IS,2016
P,Imputed using Carry Forward procedure,S2016_IS,2016
R,Reported,S2016_IS,2016
Z,Implied zero;,S2016_IS,2016
A,Not applicable,S2016_NH,2016
B,Institution left item blank,S2016_NH,2016
C,Analyst corrected reported value,S2016_NH,2016
D,Do not know,S2016_NH,2016
G,Data generated from other data values,S2016_NH,2016
H,Value not derived - data not usable,S2016_NH,2016
J,Logical imputation,S2016_NH,2016
K,Ratio adjustment,S2016_NH,2016
L,Imputed using the Group Median procedure,S2016_NH,2016
N,Imputed using Nearest Neighbor procedure,S2016_NH,2016
P,Imputed using Carry Forward procedure,S2016_NH,2016
R,Reported,S2016_NH,2016
Z,Implied zero;,S2016_NH,2016
A,Not applicable,S2016_OC,2016
B,Institution left item blank,S2016_OC,2016
C,Analyst corrected reported value,S2016_OC,2016
D,Do not know,S2016_OC,2016
G,Data generated from other data values,S2016_OC,2016
H,Value not derived - data not usable,S2016_OC,2016
J,Logical imputation,S2016_OC,2016
K,Ratio adjustment,S2016_OC,2016
L,Imputed using the Group Median procedure,S2016_OC,2016
N,Imputed using Nearest Neighbor procedure,S2016_OC,2016
P,Imputed using Carry Forward procedure,S2016_OC,2016
R,Reported,S2016_OC,2016
Z,Implied zero;,S2016_OC,2016
A,Not applicable,S2016_SIS,2016
B,Institution left item blank,S2016_SIS,2016
C,Analyst corrected reported value,S2016_SIS,2016
D,Do not know,S2016_SIS,2016
G,Data generated from other data values,S2016_SIS,2016
H,Value not derived - data not usable,S2016_SIS,2016
J,Logical imputation,S2016_SIS,2016
K,Ratio adjustment,S2016_SIS,2016
L,Imputed using the Group Median procedure,S2016_SIS,2016
N,Imputed using Nearest Neighbor procedure,S2016_SIS,2016
P,Imputed using Carry Forward procedure,S2016_SIS,2016
R,Reported,S2016_SIS,2016
Z,Implied zero;,S2016_SIS,2016
A,Not applicable,SAL2016_IS,2016
B,Institution left item blank,SAL2016_IS,2016
C,Analyst corrected reported value,SAL2016_IS,2016
D,Do not know,SAL2016_IS,2016
G,Data generated from other data values,SAL2016_IS,2016
H,Value not derived - data not usable,SAL2016_IS,2016
J,Logical imputation,SAL2016_IS,2016
K,Ratio adjustment,SAL2016_IS,2016
L,Imputed using the Group Median procedure,SAL2016_IS,2016
N,Imputed using Nearest Neighbor procedure,SAL2016_IS,2016
P,Imputed using Carry Forward procedure,SAL2016_IS,2016
R,Reported,SAL2016_IS,2016
Z,Implied zero;,SAL2016_IS,2016
A,Not applicable,SAL2016_NIS,2016
B,Institution left item blank,SAL2016_NIS,2016
C,Analyst corrected reported value,SAL2016_NIS,2016
D,Do not know,SAL2016_NIS,2016
G,Data generated from other data values,SAL2016_NIS,2016
H,Value not derived - data not usable,SAL2016_NIS,2016
J,Logical imputation,SAL2016_NIS,2016
K,Ratio adjustment,SAL2016_NIS,2016
L,Imputed using the Group Median procedure,SAL2016_NIS,2016
N,Imputed using Nearest Neighbor procedure,SAL2016_NIS,2016
P,Imputed using Carry Forward procedure,SAL2016_NIS,2016
R,Reported,SAL2016_NIS,2016
Z,Implied zero;,SAL2016_NIS,2016
A,Not applicable,SFA1516,2016
B,Institution left item blank,SFA1516,2016
C,Analyst corrected reported value,SFA1516,2016
D,Do not know,SFA1516,2016
G,Data generated from other data values,SFA1516,2016
H,Value not derived - data not usable,SFA1516,2016
J,Logical imputation,SFA1516,2016
K,Ratio adjustment,SFA1516,2016
L,Imputed using the Group Median procedure,SFA1516,2016
N,Imputed using Nearest Neighbor procedure,SFA1516,2016
P,Imputed using Carry Forward procedure,SFA1516,2016
R,Reported,SFA1516,2016
Z,Implied zero;,SFA1516,2016
A,Not applicable,SFA1516,2016
B,Institution left item blank,SFA1516,2016
C,Analyst corrected reported value,SFA1516,2016
D,Do not know,SFA1516,2016
G,Data generated from other data values,SFA1516,2016
H,Value not derived - data not usable,SFA1516,2016
J,Logical imputation,SFA1516,2016
K,Ratio adjustment,SFA1516,2016
L,Imputed using the Group Median procedure,SFA1516,2016
N,Imputed using Nearest Neighbor procedure,SFA1516,2016
P,Imputed using Carry Forward procedure,SFA1516,2016
R,Reported,SFA1516,2016
Z,Implied zero;,SFA1516,2016
A,Not applicable,SFAV1516,2016
B,Institution left item blank,SFAV1516,2016
C,Analyst corrected reported value,SFAV1516,2016
D,Do not know,SFAV1516,2016
G,Data generated from other data values,SFAV1516,2016
H,Value not derived - data not usable,SFAV1516,2016
J,Logical imputation,SFAV1516,2016
K,Ratio adjustment,SFAV1516,2016
L,Imputed using the Group Median procedure,SFAV1516,2016
N,Imputed using Nearest Neighbor procedure,SFAV1516,2016
P,Imputed using Carry Forward procedure,SFAV1516,2016
R,Reported,SFAV1516,2016
Z,Implied zero;,SFAV1516,2016
A,Not applicable,SFAV1516,2016
B,Institution left item blank,SFAV1516,2016
C,Analyst corrected reported value,SFAV1516,2016
D,Do not know,SFAV1516,2016
G,Data generated from other data values,SFAV1516,2016
H,Value not derived - data not usable,SFAV1516,2016
J,Logical imputation,SFAV1516,2016
K,Ratio adjustment,SFAV1516,2016
L,Imputed using the Group Median procedure,SFAV1516,2016
N,Imputed using Nearest Neighbor procedure,SFAV1516,2016
P,Imputed using Carry Forward procedure,SFAV1516,2016
R,Reported,SFAV1516,2016
Z,Implied zero;,SFAV1516,2016
A,Not applicable,ADM2017,2017
B,Institution left item blank,ADM2017,2017
C,Analyst corrected reported value,ADM2017,2017
D,Do not know,ADM2017,2017
G,Data generated from other data values,ADM2017,2017
H,Value not derived - data not usable,ADM2017,2017
J,Logical imputation,ADM2017,2017
K,Ratio adjustment,ADM2017,2017
L,Imputed using the Group Median procedure,ADM2017,2017
N,Imputed using Nearest Neighbor procedure,ADM2017,2017
P,Imputed using Carry Forward procedure,ADM2017,2017
R,Reported,ADM2017,2017
Z,Implied zero;,ADM2017,2017
A,Not applicable,AL2017,2017
B,Institution left item blank,AL2017,2017
C,Analyst corrected reported value,AL2017,2017
D,Do not know,AL2017,2017
G,Data generated from other data values,AL2017,2017
H,Value not derived - data not usable,AL2017,2017
J,Logical imputation,AL2017,2017
K,Ratio adjustment,AL2017,2017
L,Imputed using the Group Median procedure,AL2017,2017
N,Imputed using Nearest Neighbor procedure,AL2017,2017
P,Imputed using Carry Forward procedure,AL2017,2017
R,Reported,AL2017,2017
Z,Implied zero;,AL2017,2017
A,Not applicable,C2017_A,2017
B,Institution left item blank,C2017_A,2017
C,Analyst corrected reported value,C2017_A,2017
D,Do not know,C2017_A,2017
G,Data generated from other data values,C2017_A,2017
H,Value not derived - data not usable,C2017_A,2017
J,Logical imputation,C2017_A,2017
K,Ratio adjustment,C2017_A,2017
L,Imputed using the Group Median procedure,C2017_A,2017
N,Imputed using Nearest Neighbor procedure,C2017_A,2017
P,Imputed using Carry Forward procedure,C2017_A,2017
R,Reported,C2017_A,2017
Z,Implied zero;,C2017_A,2017
A,Not applicable,C2017_C,2017
B,Institution left item blank,C2017_C,2017
C,Analyst corrected reported value,C2017_C,2017
D,Do not know,C2017_C,2017
G,Data generated from other data values,C2017_C,2017
H,Value not derived - data not usable,C2017_C,2017
J,Logical imputation,C2017_C,2017
K,Ratio adjustment,C2017_C,2017
L,Imputed using the Group Median procedure,C2017_C,2017
N,Imputed using Nearest Neighbor procedure,C2017_C,2017
P,Imputed using Carry Forward procedure,C2017_C,2017
R,Reported,C2017_C,2017
Z,Implied zero;,C2017_C,2017
A,Not applicable,EAP2017,2017
B,Institution left item blank,EAP2017,2017
C,Analyst corrected reported value,EAP2017,2017
D,Do not know,EAP2017,2017
G,Data generated from other data values,EAP2017,2017
H,Value not derived - data not usable,EAP2017,2017
J,Logical imputation,EAP2017,2017
K,Ratio adjustment,EAP2017,2017
L,Imputed using the Group Median procedure,EAP2017,2017
N,Imputed using Nearest Neighbor procedure,EAP2017,2017
P,Imputed using Carry Forward procedure,EAP2017,2017
R,Reported,EAP2017,2017
Z,Implied zero;,EAP2017,2017
A,Not applicable,EF2017A,2017
B,Institution left item blank,EF2017A,2017
C,Analyst corrected reported value,EF2017A,2017
D,Do not know,EF2017A,2017
G,Data generated from other data values,EF2017A,2017
H,Value not derived - data not usable,EF2017A,2017
J,Logical imputation,EF2017A,2017
K,Ratio adjustment,EF2017A,2017
L,Imputed using the Group Median procedure,EF2017A,2017
N,Imputed using Nearest Neighbor procedure,EF2017A,2017
P,Imputed using Carry Forward procedure,EF2017A,2017
R,Reported,EF2017A,2017
Z,Implied zero;,EF2017A,2017
A,Not applicable,EF2017B,2017
B,Institution left item blank,EF2017B,2017
C,Analyst corrected reported value,EF2017B,2017
D,Do not know,EF2017B,2017
G,Data generated from other data values,EF2017B,2017
H,Value not derived - data not usable,EF2017B,2017
J,Logical imputation,EF2017B,2017
K,Ratio adjustment,EF2017B,2017
L,Imputed using the Group Median procedure,EF2017B,2017
N,Imputed using Nearest Neighbor procedure,EF2017B,2017
P,Imputed using Carry Forward procedure,EF2017B,2017
R,Reported,EF2017B,2017
Z,Implied zero;,EF2017B,2017
A,Not applicable,EF2017C,2017
B,Institution left item blank,EF2017C,2017
C,Analyst corrected reported value,EF2017C,2017
D,Do not know,EF2017C,2017
G,Data generated from other data values,EF2017C,2017
H,Value not derived - data not usable,EF2017C,2017
J,Logical imputation,EF2017C,2017
K,Ratio adjustment,EF2017C,2017
L,Imputed using the Group Median procedure,EF2017C,2017
N,Imputed using Nearest Neighbor procedure,EF2017C,2017
P,Imputed using Carry Forward procedure,EF2017C,2017
R,Reported,EF2017C,2017
Z,Implied zero;,EF2017C,2017
A,Not applicable,EF2017D,2017
B,Institution left item blank,EF2017D,2017
C,Analyst corrected reported value,EF2017D,2017
D,Do not know,EF2017D,2017
G,Data generated from other data values,EF2017D,2017
H,Value not derived - data not usable,EF2017D,2017
J,Logical imputation,EF2017D,2017
K,Ratio adjustment,EF2017D,2017
L,Imputed using the Group Median procedure,EF2017D,2017
N,Imputed using Nearest Neighbor procedure,EF2017D,2017
P,Imputed using Carry Forward procedure,EF2017D,2017
R,Reported,EF2017D,2017
Z,Implied zero;,EF2017D,2017
A,Not applicable,EFFY2017,2017
B,Institution left item blank,EFFY2017,2017
C,Analyst corrected reported value,EFFY2017,2017
D,Do not know,EFFY2017,2017
G,Data generated from other data values,EFFY2017,2017
H,Value not derived - data not usable,EFFY2017,2017
J,Logical imputation,EFFY2017,2017
K,Ratio adjustment,EFFY2017,2017
L,Imputed using the Group Median procedure,EFFY2017,2017
N,Imputed using Nearest Neighbor procedure,EFFY2017,2017
P,Imputed using Carry Forward procedure,EFFY2017,2017
R,Reported,EFFY2017,2017
Z,Implied zero;,EFFY2017,2017
A,Not applicable,EFIA2017,2017
B,Institution left item blank,EFIA2017,2017
C,Analyst corrected reported value,EFIA2017,2017
D,Do not know,EFIA2017,2017
G,Data generated from other data values,EFIA2017,2017
H,Value not derived - data not usable,EFIA2017,2017
J,Logical imputation,EFIA2017,2017
K,Ratio adjustment,EFIA2017,2017
L,Imputed using the Group Median procedure,EFIA2017,2017
N,Imputed using Nearest Neighbor procedure,EFIA2017,2017
P,Imputed using Carry Forward procedure,EFIA2017,2017
R,Reported,EFIA2017,2017
Z,Implied zero;,EFIA2017,2017
A,Not applicable,F1617_F1A,2017
B,Institution left item blank,F1617_F1A,2017
C,Analyst corrected reported value,F1617_F1A,2017
D,Do not know,F1617_F1A,2017
G,Data generated from other data values,F1617_F1A,2017
H,Value not derived - data not usable,F1617_F1A,2017
J,Logical imputation,F1617_F1A,2017
K,Ratio adjustment,F1617_F1A,2017
L,Imputed using the Group Median procedure,F1617_F1A,2017
N,Imputed using Nearest Neighbor procedure,F1617_F1A,2017
P,Imputed using Carry Forward procedure,F1617_F1A,2017
R,Reported,F1617_F1A,2017
Z,Implied zero;,F1617_F1A,2017
A,Not applicable,F1617_F2,2017
B,Institution left item blank,F1617_F2,2017
C,Analyst corrected reported value,F1617_F2,2017
D,Do not know,F1617_F2,2017
G,Data generated from other data values,F1617_F2,2017
H,Value not derived - data not usable,F1617_F2,2017
J,Logical imputation,F1617_F2,2017
K,Ratio adjustment,F1617_F2,2017
L,Imputed using the Group Median procedure,F1617_F2,2017
N,Imputed using Nearest Neighbor procedure,F1617_F2,2017
P,Imputed using Carry Forward procedure,F1617_F2,2017
R,Reported,F1617_F2,2017
Z,Implied zero;,F1617_F2,2017
A,Not applicable,F1617_F3,2017
B,Institution left item blank,F1617_F3,2017
C,Analyst corrected reported value,F1617_F3,2017
D,Do not know,F1617_F3,2017
G,Data generated from other data values,F1617_F3,2017
H,Value not derived - data not usable,F1617_F3,2017
J,Logical imputation,F1617_F3,2017
K,Ratio adjustment,F1617_F3,2017
L,Imputed using the Group Median procedure,F1617_F3,2017
N,Imputed using Nearest Neighbor procedure,F1617_F3,2017
P,Imputed using Carry Forward procedure,F1617_F3,2017
R,Reported,F1617_F3,2017
Z,Implied zero;,F1617_F3,2017
A,Not applicable,F1617_F1A,2017
B,Institution left item blank,F1617_F1A,2017
C,Analyst corrected reported value,F1617_F1A,2017
D,Do not know,F1617_F1A,2017
G,Data generated from other data values,F1617_F1A,2017
H,Value not derived - data not usable,F1617_F1A,2017
J,Logical imputation,F1617_F1A,2017
K,Ratio adjustment,F1617_F1A,2017
L,Imputed using the Group Median procedure,F1617_F1A,2017
N,Imputed using Nearest Neighbor procedure,F1617_F1A,2017
P,Imputed using Carry Forward procedure,F1617_F1A,2017
R,Reported,F1617_F1A,2017
Z,Implied zero;,F1617_F1A,2017
A,Not applicable,F1617_F2,2017
B,Institution left item blank,F1617_F2,2017
C,Analyst corrected reported value,F1617_F2,2017
D,Do not know,F1617_F2,2017
G,Data generated from other data values,F1617_F2,2017
H,Value not derived - data not usable,F1617_F2,2017
J,Logical imputation,F1617_F2,2017
K,Ratio adjustment,F1617_F2,2017
L,Imputed using the Group Median procedure,F1617_F2,2017
N,Imputed using Nearest Neighbor procedure,F1617_F2,2017
P,Imputed using Carry Forward procedure,F1617_F2,2017
R,Reported,F1617_F2,2017
Z,Implied zero;,F1617_F2,2017
A,Not applicable,F1617_F3,2017
B,Institution left item blank,F1617_F3,2017
C,Analyst corrected reported value,F1617_F3,2017
D,Do not know,F1617_F3,2017
G,Data generated from other data values,F1617_F3,2017
H,Value not derived - data not usable,F1617_F3,2017
J,Logical imputation,F1617_F3,2017
K,Ratio adjustment,F1617_F3,2017
L,Imputed using the Group Median procedure,F1617_F3,2017
N,Imputed using Nearest Neighbor procedure,F1617_F3,2017
P,Imputed using Carry Forward procedure,F1617_F3,2017
R,Reported,F1617_F3,2017
Z,Implied zero;,F1617_F3,2017
A,Not applicable,GR200_17,2017
B,Institution left item blank,GR200_17,2017
C,Analyst corrected reported value,GR200_17,2017
D,Do not know,GR200_17,2017
G,Data generated from other data values,GR200_17,2017
H,Value not derived - data not usable,GR200_17,2017
J,Logical imputation,GR200_17,2017
K,Ratio adjustment,GR200_17,2017
L,Imputed using the Group Median procedure,GR200_17,2017
N,Imputed using Nearest Neighbor procedure,GR200_17,2017
P,Imputed using Carry Forward procedure,GR200_17,2017
R,Reported,GR200_17,2017
Z,Implied zero;,GR200_17,2017
A,Not applicable,GR2017,2017
B,Institution left item blank,GR2017,2017
C,Analyst corrected reported value,GR2017,2017
D,Do not know,GR2017,2017
G,Data generated from other data values,GR2017,2017
H,Value not derived - data not usable,GR2017,2017
J,Logical imputation,GR2017,2017
K,Ratio adjustment,GR2017,2017
L,Imputed using the Group Median procedure,GR2017,2017
N,Imputed using Nearest Neighbor procedure,GR2017,2017
P,Imputed using Carry Forward procedure,GR2017,2017
R,Reported,GR2017,2017
Z,Implied zero;,GR2017,2017
A,Not applicable,GR2017_L2,2017
B,Institution left item blank,GR2017_L2,2017
C,Analyst corrected reported value,GR2017_L2,2017
D,Do not know,GR2017_L2,2017
G,Data generated from other data values,GR2017_L2,2017
H,Value not derived - data not usable,GR2017_L2,2017
J,Logical imputation,GR2017_L2,2017
K,Ratio adjustment,GR2017_L2,2017
L,Imputed using the Group Median procedure,GR2017_L2,2017
N,Imputed using Nearest Neighbor procedure,GR2017_L2,2017
P,Imputed using Carry Forward procedure,GR2017_L2,2017
R,Reported,GR2017_L2,2017
Z,Implied zero;,GR2017_L2,2017
A,Not applicable,GR2017_PELL_SSL,2017
B,Institution left item blank,GR2017_PELL_SSL,2017
C,Analyst corrected reported value,GR2017_PELL_SSL,2017
D,Do not know,GR2017_PELL_SSL,2017
G,Data generated from other data values,GR2017_PELL_SSL,2017
H,Value not derived - data not usable,GR2017_PELL_SSL,2017
J,Logical imputation,GR2017_PELL_SSL,2017
K,Ratio adjustment,GR2017_PELL_SSL,2017
L,Imputed using the Group Median procedure,GR2017_PELL_SSL,2017
N,Imputed using Nearest Neighbor procedure,GR2017_PELL_SSL,2017
P,Imputed using Carry Forward procedure,GR2017_PELL_SSL,2017
R,Reported,GR2017_PELL_SSL,2017
Z,Implied zero;,GR2017_PELL_SSL,2017
A,Not applicable,IC2017_AY,2017
B,Institution left item blank,IC2017_AY,2017
C,Analyst corrected reported value,IC2017_AY,2017
D,Do not know,IC2017_AY,2017
G,Data generated from other data values,IC2017_AY,2017
H,Value not derived - data not usable,IC2017_AY,2017
J,Logical imputation,IC2017_AY,2017
K,Ratio adjustment,IC2017_AY,2017
L,Imputed using the Group Median procedure,IC2017_AY,2017
N,Imputed using Nearest Neighbor procedure,IC2017_AY,2017
P,Imputed using Carry Forward procedure,IC2017_AY,2017
R,Reported,IC2017_AY,2017
Y,Particular Doctor's professional practice field not applicable,IC2017_AY,2017
Z,Implied zero;,IC2017_AY,2017
A,Not applicable,IC2017_PY,2017
B,Institution left item blank,IC2017_PY,2017
C,Analyst corrected reported value,IC2017_PY,2017
D,Do not know,IC2017_PY,2017
G,Data generated from other data values,IC2017_PY,2017
H,Value not derived - data not usable,IC2017_PY,2017
J,Logical imputation,IC2017_PY,2017
K,Ratio adjustment,IC2017_PY,2017
L,Imputed using the Group Median procedure,IC2017_PY,2017
N,Imputed using Nearest Neighbor procedure,IC2017_PY,2017
P,Imputed using Carry Forward procedure,IC2017_PY,2017
R,Reported,IC2017_PY,2017
Z,Implied zero;,IC2017_PY,2017
A,Not applicable,OM2017,2017
B,Institution left item blank,OM2017,2017
C,Analyst corrected reported value,OM2017,2017
D,Do not know,OM2017,2017
G,Data generated from other data values,OM2017,2017
H,Value not derived - data not usable,OM2017,2017
J,Logical imputation,OM2017,2017
K,Ratio adjustment,OM2017,2017
L,Imputed using the Group Median procedure,OM2017,2017
N,Imputed using Nearest Neighbor procedure,OM2017,2017
P,Imputed using Carry Forward procedure,OM2017,2017
R,Reported,OM2017,2017
Z,Implied zero;,OM2017,2017
A,Not applicable,S2017_IS,2017
B,Institution left item blank,S2017_IS,2017
C,Analyst corrected reported value,S2017_IS,2017
D,Do not know,S2017_IS,2017
G,Data generated from other data values,S2017_IS,2017
H,Value not derived - data not usable,S2017_IS,2017
J,Logical imputation,S2017_IS,2017
K,Ratio adjustment,S2017_IS,2017
L,Imputed using the Group Median procedure,S2017_IS,2017
N,Imputed using Nearest Neighbor procedure,S2017_IS,2017
P,Imputed using Carry Forward procedure,S2017_IS,2017
R,Reported,S2017_IS,2017
Z,Implied zero;,S2017_IS,2017
A,Not applicable,S2017_NH,2017
B,Institution left item blank,S2017_NH,2017
C,Analyst corrected reported value,S2017_NH,2017
D,Do not know,S2017_NH,2017
G,Data generated from other data values,S2017_NH,2017
H,Value not derived - data not usable,S2017_NH,2017
J,Logical imputation,S2017_NH,2017
K,Ratio adjustment,S2017_NH,2017
L,Imputed using the Group Median procedure,S2017_NH,2017
N,Imputed using Nearest Neighbor procedure,S2017_NH,2017
P,Imputed using Carry Forward procedure,S2017_NH,2017
R,Reported,S2017_NH,2017
Z,Implied zero;,S2017_NH,2017
A,Not applicable,S2017_OC,2017
B,Institution left item blank,S2017_OC,2017
C,Analyst corrected reported value,S2017_OC,2017
D,Do not know,S2017_OC,2017
G,Data generated from other data values,S2017_OC,2017
H,Value not derived - data not usable,S2017_OC,2017
J,Logical imputation,S2017_OC,2017
K,Ratio adjustment,S2017_OC,2017
L,Imputed using the Group Median procedure,S2017_OC,2017
N,Imputed using Nearest Neighbor procedure,S2017_OC,2017
P,Imputed using Carry Forward procedure,S2017_OC,2017
R,Reported,S2017_OC,2017
Z,Implied zero;,S2017_OC,2017
A,Not applicable,S2017_SIS,2017
B,Institution left item blank,S2017_SIS,2017
C,Analyst corrected reported value,S2017_SIS,2017
D,Do not know,S2017_SIS,2017
G,Data generated from other data values,S2017_SIS,2017
H,Value not derived - data not usable,S2017_SIS,2017
J,Logical imputation,S2017_SIS,2017
K,Ratio adjustment,S2017_SIS,2017
L,Imputed using the Group Median procedure,S2017_SIS,2017
N,Imputed using Nearest Neighbor procedure,S2017_SIS,2017
P,Imputed using Carry Forward procedure,S2017_SIS,2017
R,Reported,S2017_SIS,2017
Z,Implied zero;,S2017_SIS,2017
A,Not applicable,SAL2017_IS,2017
B,Institution left item blank,SAL2017_IS,2017
C,Analyst corrected reported value,SAL2017_IS,2017
D,Do not know,SAL2017_IS,2017
G,Data generated from other data values,SAL2017_IS,2017
H,Value not derived - data not usable,SAL2017_IS,2017
J,Logical imputation,SAL2017_IS,2017
K,Ratio adjustment,SAL2017_IS,2017
L,Imputed using the Group Median procedure,SAL2017_IS,2017
N,Imputed using Nearest Neighbor procedure,SAL2017_IS,2017
P,Imputed using Carry Forward procedure,SAL2017_IS,2017
R,Reported,SAL2017_IS,2017
Z,Implied zero;,SAL2017_IS,2017
A,Not applicable,SAL2017_NIS,2017
B,Institution left item blank,SAL2017_NIS,2017
C,Analyst corrected reported value,SAL2017_NIS,2017
D,Do not know,SAL2017_NIS,2017
G,Data generated from other data values,SAL2017_NIS,2017
H,Value not derived - data not usable,SAL2017_NIS,2017
J,Logical imputation,SAL2017_NIS,2017
K,Ratio adjustment,SAL2017_NIS,2017
L,Imputed using the Group Median procedure,SAL2017_NIS,2017
N,Imputed using Nearest Neighbor procedure,SAL2017_NIS,2017
P,Imputed using Carry Forward procedure,SAL2017_NIS,2017
R,Reported,SAL2017_NIS,2017
Z,Implied zero;,SAL2017_NIS,2017
A,Not applicable,SFA1617,2017
B,Institution left item blank,SFA1617,2017
C,Analyst corrected reported value,SFA1617,2017
D,Do not know,SFA1617,2017
G,Data generated from other data values,SFA1617,2017
H,Value not derived - data not usable,SFA1617,2017
J,Logical imputation,SFA1617,2017
K,Ratio adjustment,SFA1617,2017
L,Imputed using the Group Median procedure,SFA1617,2017
N,Imputed using Nearest Neighbor procedure,SFA1617,2017
P,Imputed using Carry Forward procedure,SFA1617,2017
R,Reported,SFA1617,2017
Z,Implied zero;,SFA1617,2017
A,Not applicable,SFA1617,2017
B,Institution left item blank,SFA1617,2017
C,Analyst corrected reported value,SFA1617,2017
D,Do not know,SFA1617,2017
G,Data generated from other data values,SFA1617,2017
H,Value not derived - data not usable,SFA1617,2017
J,Logical imputation,SFA1617,2017
K,Ratio adjustment,SFA1617,2017
L,Imputed using the Group Median procedure,SFA1617,2017
N,Imputed using Nearest Neighbor procedure,SFA1617,2017
P,Imputed using Carry Forward procedure,SFA1617,2017
R,Reported,SFA1617,2017
Z,Implied zero;,SFA1617,2017
A,Not applicable,SFAV1617,2017
B,Institution left item blank,SFAV1617,2017
C,Analyst corrected reported value,SFAV1617,2017
D,Do not know,SFAV1617,2017
G,Data generated from other data values,SFAV1617,2017
H,Value not derived - data not usable,SFAV1617,2017
J,Logical imputation,SFAV1617,2017
K,Ratio adjustment,SFAV1617,2017
L,Imputed using the Group Median procedure,SFAV1617,2017
N,Imputed using Nearest Neighbor procedure,SFAV1617,2017
P,Imputed using Carry Forward procedure,SFAV1617,2017
R,Reported,SFAV1617,2017
Z,Implied zero;,SFAV1617,2017
A,Not applicable,SFAV1617,2017
B,Institution left item blank,SFAV1617,2017
C,Analyst corrected reported value,SFAV1617,2017
D,Do not know,SFAV1617,2017
G,Data generated from other data values,SFAV1617,2017
H,Value not derived - data not usable,SFAV1617,2017
J,Logical imputation,SFAV1617,2017
K,Ratio adjustment,SFAV1617,2017
L,Imputed using the Group Median procedure,SFAV1617,2017
N,Imputed using Nearest Neighbor procedure,SFAV1617,2017
P,Imputed using Carry Forward procedure,SFAV1617,2017
R,Reported,SFAV1617,2017
Z,Implied zero;,SFAV1617,2017
A,Not applicable,ADM2018,2018
B,Institution left item blank,ADM2018,2018
C,Analyst corrected reported value,ADM2018,2018
D,Do not know,ADM2018,2018
G,Data generated from other data values,ADM2018,2018
H,Value not derived - data not usable,ADM2018,2018
J,Logical imputation,ADM2018,2018
K,Ratio adjustment,ADM2018,2018
L,Imputed using the Group Median procedure,ADM2018,2018
N,Imputed using Nearest Neighbor procedure,ADM2018,2018
P,Imputed using Carry Forward procedure,ADM2018,2018
R,Reported,ADM2018,2018
Z,Implied zero;,ADM2018,2018
A,Not applicable,AL2018,2018
B,Institution left item blank,AL2018,2018
C,Analyst corrected reported value,AL2018,2018
D,Do not know,AL2018,2018
G,Data generated from other data values,AL2018,2018
H,Value not derived - data not usable,AL2018,2018
J,Logical imputation,AL2018,2018
K,Ratio adjustment,AL2018,2018
L,Imputed using the Group Median procedure,AL2018,2018
N,Imputed using Nearest Neighbor procedure,AL2018,2018
P,Imputed using Carry Forward procedure,AL2018,2018
R,Reported,AL2018,2018
Z,Implied zero;,AL2018,2018
A,Not applicable,C2018_A,2018
B,Institution left item blank,C2018_A,2018
C,Analyst corrected reported value,C2018_A,2018
D,Do not know,C2018_A,2018
G,Data generated from other data values,C2018_A,2018
H,Value not derived - data not usable,C2018_A,2018
J,Logical imputation,C2018_A,2018
K,Ratio adjustment,C2018_A,2018
L,Imputed using the Group Median procedure,C2018_A,2018
N,Imputed using Nearest Neighbor procedure,C2018_A,2018
P,Imputed using Carry Forward procedure,C2018_A,2018
R,Reported,C2018_A,2018
Z,Implied zero;,C2018_A,2018
A,Not applicable,C2018_C,2018
B,Institution left item blank,C2018_C,2018
C,Analyst corrected reported value,C2018_C,2018
D,Do not know,C2018_C,2018
G,Data generated from other data values,C2018_C,2018
H,Value not derived - data not usable,C2018_C,2018
J,Logical imputation,C2018_C,2018
K,Ratio adjustment,C2018_C,2018
L,Imputed using the Group Median procedure,C2018_C,2018
N,Imputed using Nearest Neighbor procedure,C2018_C,2018
P,Imputed using Carry Forward procedure,C2018_C,2018
R,Reported,C2018_C,2018
Z,Implied zero;,C2018_C,2018
A,Not applicable,EAP2018,2018
B,Institution left item blank,EAP2018,2018
C,Analyst corrected reported value,EAP2018,2018
D,Do not know,EAP2018,2018
G,Data generated from other data values,EAP2018,2018
H,Value not derived - data not usable,EAP2018,2018
J,Logical imputation,EAP2018,2018
K,Ratio adjustment,EAP2018,2018
L,Imputed using the Group Median procedure,EAP2018,2018
N,Imputed using Nearest Neighbor procedure,EAP2018,2018
P,Imputed using Carry Forward procedure,EAP2018,2018
R,Reported,EAP2018,2018
Z,Implied zero;,EAP2018,2018
A,Not applicable,EF2018A,2018
B,Institution left item blank,EF2018A,2018
C,Analyst corrected reported value,EF2018A,2018
D,Do not know,EF2018A,2018
G,Data generated from other data values,EF2018A,2018
H,Value not derived - data not usable,EF2018A,2018
J,Logical imputation,EF2018A,2018
K,Ratio adjustment,EF2018A,2018
L,Imputed using the Group Median procedure,EF2018A,2018
N,Imputed using Nearest Neighbor procedure,EF2018A,2018
P,Imputed using Carry Forward procedure,EF2018A,2018
R,Reported,EF2018A,2018
Z,Implied zero;,EF2018A,2018
A,Not applicable,EF2018B,2018
B,Institution left item blank,EF2018B,2018
C,Analyst corrected reported value,EF2018B,2018
D,Do not know,EF2018B,2018
G,Data generated from other data values,EF2018B,2018
H,Value not derived - data not usable,EF2018B,2018
J,Logical imputation,EF2018B,2018
K,Ratio adjustment,EF2018B,2018
L,Imputed using the Group Median procedure,EF2018B,2018
N,Imputed using Nearest Neighbor procedure,EF2018B,2018
P,Imputed using Carry Forward procedure,EF2018B,2018
R,Reported,EF2018B,2018
Z,Implied zero;,EF2018B,2018
A,Not applicable,EF2018C,2018
B,Institution left item blank,EF2018C,2018
C,Analyst corrected reported value,EF2018C,2018
D,Do not know,EF2018C,2018
G,Data generated from other data values,EF2018C,2018
H,Value not derived - data not usable,EF2018C,2018
J,Logical imputation,EF2018C,2018
K,Ratio adjustment,EF2018C,2018
L,Imputed using the Group Median procedure,EF2018C,2018
N,Imputed using Nearest Neighbor procedure,EF2018C,2018
P,Imputed using Carry Forward procedure,EF2018C,2018
R,Reported,EF2018C,2018
Z,Implied zero;,EF2018C,2018
A,Not applicable,EF2018D,2018
B,Institution left item blank,EF2018D,2018
C,Analyst corrected reported value,EF2018D,2018
D,Do not know,EF2018D,2018
G,Data generated from other data values,EF2018D,2018
H,Value not derived - data not usable,EF2018D,2018
J,Logical imputation,EF2018D,2018
K,Ratio adjustment,EF2018D,2018
L,Imputed using the Group Median procedure,EF2018D,2018
N,Imputed using Nearest Neighbor procedure,EF2018D,2018
P,Imputed using Carry Forward procedure,EF2018D,2018
R,Reported,EF2018D,2018
Z,Implied zero;,EF2018D,2018
A,Not applicable,EFFY2018,2018
B,Institution left item blank,EFFY2018,2018
C,Analyst corrected reported value,EFFY2018,2018
D,Do not know,EFFY2018,2018
G,Data generated from other data values,EFFY2018,2018
H,Value not derived - data not usable,EFFY2018,2018
J,Logical imputation,EFFY2018,2018
K,Ratio adjustment,EFFY2018,2018
L,Imputed using the Group Median procedure,EFFY2018,2018
N,Imputed using Nearest Neighbor procedure,EFFY2018,2018
P,Imputed using Carry Forward procedure,EFFY2018,2018
R,Reported,EFFY2018,2018
Z,Implied zero;,EFFY2018,2018
A,Not applicable,EFIA2018,2018
B,Institution left item blank,EFIA2018,2018
C,Analyst corrected reported value,EFIA2018,2018
D,Do not know,EFIA2018,2018
G,Data generated from other data values,EFIA2018,2018
H,Value not derived - data not usable,EFIA2018,2018
J,Logical imputation,EFIA2018,2018
K,Ratio adjustment,EFIA2018,2018
L,Imputed using the Group Median procedure,EFIA2018,2018
N,Imputed using Nearest Neighbor procedure,EFIA2018,2018
P,Imputed using Carry Forward procedure,EFIA2018,2018
R,Reported,EFIA2018,2018
Z,Implied zero;,EFIA2018,2018
A,Not applicable,F1718_F1A,2018
B,Institution left item blank,F1718_F1A,2018
C,Analyst corrected reported value,F1718_F1A,2018
D,Do not know,F1718_F1A,2018
G,Data generated from other data values,F1718_F1A,2018
H,Value not derived - data not usable,F1718_F1A,2018
J,Logical imputation,F1718_F1A,2018
K,Ratio adjustment,F1718_F1A,2018
L,Imputed using the Group Median procedure,F1718_F1A,2018
N,Imputed using Nearest Neighbor procedure,F1718_F1A,2018
P,Imputed using Carry Forward procedure,F1718_F1A,2018
R,Reported,F1718_F1A,2018
Z,Implied zero;,F1718_F1A,2018
A,Not applicable,F1718_F2,2018
B,Institution left item blank,F1718_F2,2018
C,Analyst corrected reported value,F1718_F2,2018
D,Do not know,F1718_F2,2018
G,Data generated from other data values,F1718_F2,2018
H,Value not derived - data not usable,F1718_F2,2018
J,Logical imputation,F1718_F2,2018
K,Ratio adjustment,F1718_F2,2018
L,Imputed using the Group Median procedure,F1718_F2,2018
N,Imputed using Nearest Neighbor procedure,F1718_F2,2018
P,Imputed using Carry Forward procedure,F1718_F2,2018
R,Reported,F1718_F2,2018
Z,Implied zero;,F1718_F2,2018
A,Not applicable,F1718_F3,2018
B,Institution left item blank,F1718_F3,2018
C,Analyst corrected reported value,F1718_F3,2018
D,Do not know,F1718_F3,2018
G,Data generated from other data values,F1718_F3,2018
H,Value not derived - data not usable,F1718_F3,2018
J,Logical imputation,F1718_F3,2018
K,Ratio adjustment,F1718_F3,2018
L,Imputed using the Group Median procedure,F1718_F3,2018
N,Imputed using Nearest Neighbor procedure,F1718_F3,2018
P,Imputed using Carry Forward procedure,F1718_F3,2018
R,Reported,F1718_F3,2018
Z,Implied zero;,F1718_F3,2018
A,Not applicable,F1718_F1A,2018
B,Institution left item blank,F1718_F1A,2018
C,Analyst corrected reported value,F1718_F1A,2018
D,Do not know,F1718_F1A,2018
G,Data generated from other data values,F1718_F1A,2018
H,Value not derived - data not usable,F1718_F1A,2018
J,Logical imputation,F1718_F1A,2018
K,Ratio adjustment,F1718_F1A,2018
L,Imputed using the Group Median procedure,F1718_F1A,2018
N,Imputed using Nearest Neighbor procedure,F1718_F1A,2018
P,Imputed using Carry Forward procedure,F1718_F1A,2018
R,Reported,F1718_F1A,2018
Z,Implied zero;,F1718_F1A,2018
A,Not applicable,F1718_F2,2018
B,Institution left item blank,F1718_F2,2018
C,Analyst corrected reported value,F1718_F2,2018
D,Do not know,F1718_F2,2018
G,Data generated from other data values,F1718_F2,2018
H,Value not derived - data not usable,F1718_F2,2018
J,Logical imputation,F1718_F2,2018
K,Ratio adjustment,F1718_F2,2018
L,Imputed using the Group Median procedure,F1718_F2,2018
N,Imputed using Nearest Neighbor procedure,F1718_F2,2018
P,Imputed using Carry Forward procedure,F1718_F2,2018
R,Reported,F1718_F2,2018
Z,Implied zero;,F1718_F2,2018
A,Not applicable,F1718_F3,2018
B,Institution left item blank,F1718_F3,2018
C,Analyst corrected reported value,F1718_F3,2018
D,Do not know,F1718_F3,2018
G,Data generated from other data values,F1718_F3,2018
H,Value not derived - data not usable,F1718_F3,2018
J,Logical imputation,F1718_F3,2018
K,Ratio adjustment,F1718_F3,2018
L,Imputed using the Group Median procedure,F1718_F3,2018
N,Imputed using Nearest Neighbor procedure,F1718_F3,2018
P,Imputed using Carry Forward procedure,F1718_F3,2018
R,Reported,F1718_F3,2018
Z,Implied zero;,F1718_F3,2018
A,Not applicable,GR200_18,2018
B,Institution left item blank,GR200_18,2018
C,Analyst corrected reported value,GR200_18,2018
D,Do not know,GR200_18,2018
G,Data generated from other data values,GR200_18,2018
H,Value not derived - data not usable,GR200_18,2018
J,Logical imputation,GR200_18,2018
K,Ratio adjustment,GR200_18,2018
L,Imputed using the Group Median procedure,GR200_18,2018
N,Imputed using Nearest Neighbor procedure,GR200_18,2018
P,Imputed using Carry Forward procedure,GR200_18,2018
R,Reported,GR200_18,2018
Z,Implied zero;,GR200_18,2018
A,Not applicable,GR2018,2018
B,Institution left item blank,GR2018,2018
C,Analyst corrected reported value,GR2018,2018
D,Do not know,GR2018,2018
G,Data generated from other data values,GR2018,2018
H,Value not derived - data not usable,GR2018,2018
J,Logical imputation,GR2018,2018
K,Ratio adjustment,GR2018,2018
L,Imputed using the Group Median procedure,GR2018,2018
N,Imputed using Nearest Neighbor procedure,GR2018,2018
P,Imputed using Carry Forward procedure,GR2018,2018
R,Reported,GR2018,2018
Z,Implied zero;,GR2018,2018
A,Not applicable,GR2018_L2,2018
B,Institution left item blank,GR2018_L2,2018
C,Analyst corrected reported value,GR2018_L2,2018
D,Do not know,GR2018_L2,2018
G,Data generated from other data values,GR2018_L2,2018
H,Value not derived - data not usable,GR2018_L2,2018
J,Logical imputation,GR2018_L2,2018
K,Ratio adjustment,GR2018_L2,2018
L,Imputed using the Group Median procedure,GR2018_L2,2018
N,Imputed using Nearest Neighbor procedure,GR2018_L2,2018
P,Imputed using Carry Forward procedure,GR2018_L2,2018
R,Reported,GR2018_L2,2018
Z,Implied zero;,GR2018_L2,2018
A,Not applicable,GR2018_PELL_SSL,2018
B,Institution left item blank,GR2018_PELL_SSL,2018
C,Analyst corrected reported value,GR2018_PELL_SSL,2018
D,Do not know,GR2018_PELL_SSL,2018
G,Data generated from other data values,GR2018_PELL_SSL,2018
H,Value not derived - data not usable,GR2018_PELL_SSL,2018
J,Logical imputation,GR2018_PELL_SSL,2018
K,Ratio adjustment,GR2018_PELL_SSL,2018
L,Imputed using the Group Median procedure,GR2018_PELL_SSL,2018
N,Imputed using Nearest Neighbor procedure,GR2018_PELL_SSL,2018
P,Imputed using Carry Forward procedure,GR2018_PELL_SSL,2018
R,Reported,GR2018_PELL_SSL,2018
Z,Implied zero;,GR2018_PELL_SSL,2018
A,Not applicable,IC2018_AY,2018
B,Institution left item blank,IC2018_AY,2018
C,Analyst corrected reported value,IC2018_AY,2018
D,Do not know,IC2018_AY,2018
G,Data generated from other data values,IC2018_AY,2018
H,Value not derived - data not usable,IC2018_AY,2018
J,Logical imputation,IC2018_AY,2018
K,Ratio adjustment,IC2018_AY,2018
L,Imputed using the Group Median procedure,IC2018_AY,2018
N,Imputed using Nearest Neighbor procedure,IC2018_AY,2018
P,Imputed using Carry Forward procedure,IC2018_AY,2018
R,Reported,IC2018_AY,2018
Y,Particular Doctor's professional practice field not applicable,IC2018_AY,2018
Z,Implied zero;,IC2018_AY,2018
A,Not applicable,IC2018_PY,2018
B,Institution left item blank,IC2018_PY,2018
C,Analyst corrected reported value,IC2018_PY,2018
D,Do not know,IC2018_PY,2018
G,Data generated from other data values,IC2018_PY,2018
H,Value not derived - data not usable,IC2018_PY,2018
J,Logical imputation,IC2018_PY,2018
K,Ratio adjustment,IC2018_PY,2018
L,Imputed using the Group Median procedure,IC2018_PY,2018
N,Imputed using Nearest Neighbor procedure,IC2018_PY,2018
P,Imputed using Carry Forward procedure,IC2018_PY,2018
R,Reported,IC2018_PY,2018
Z,Implied zero;,IC2018_PY,2018
A,Not applicable,OM2018,2018
B,Institution left item blank,OM2018,2018
C,Analyst corrected reported value,OM2018,2018
D,Do not know,OM2018,2018
G,Data generated from other data values,OM2018,2018
H,Value not derived - data not usable,OM2018,2018
J,Logical imputation,OM2018,2018
K,Ratio adjustment,OM2018,2018
L,Imputed using the Group Median procedure,OM2018,2018
N,Imputed using Nearest Neighbor procedure,OM2018,2018
P,Imputed using Carry Forward procedure,OM2018,2018
R,Reported,OM2018,2018
Z,Implied zero;,OM2018,2018
A,Not applicable,S2018_IS,2018
B,Institution left item blank,S2018_IS,2018
C,Analyst corrected reported value,S2018_IS,2018
D,Do not know,S2018_IS,2018
G,Data generated from other data values,S2018_IS,2018
H,Value not derived - data not usable,S2018_IS,2018
J,Logical imputation,S2018_IS,2018
K,Ratio adjustment,S2018_IS,2018
L,Imputed using the Group Median procedure,S2018_IS,2018
N,Imputed using Nearest Neighbor procedure,S2018_IS,2018
P,Imputed using Carry Forward procedure,S2018_IS,2018
R,Reported,S2018_IS,2018
Z,Implied zero;,S2018_IS,2018
A,Not applicable,S2018_NH,2018
B,Institution left item blank,S2018_NH,2018
C,Analyst corrected reported value,S2018_NH,2018
D,Do not know,S2018_NH,2018
G,Data generated from other data values,S2018_NH,2018
H,Value not derived - data not usable,S2018_NH,2018
J,Logical imputation,S2018_NH,2018
K,Ratio adjustment,S2018_NH,2018
L,Imputed using the Group Median procedure,S2018_NH,2018
N,Imputed using Nearest Neighbor procedure,S2018_NH,2018
P,Imputed using Carry Forward procedure,S2018_NH,2018
R,Reported,S2018_NH,2018
Z,Implied zero;,S2018_NH,2018
A,Not applicable,S2018_OC,2018
B,Institution left item blank,S2018_OC,2018
C,Analyst corrected reported value,S2018_OC,2018
D,Do not know,S2018_OC,2018
G,Data generated from other data values,S2018_OC,2018
H,Value not derived - data not usable,S2018_OC,2018
J,Logical imputation,S2018_OC,2018
K,Ratio adjustment,S2018_OC,2018
L,Imputed using the Group Median procedure,S2018_OC,2018
N,Imputed using Nearest Neighbor procedure,S2018_OC,2018
P,Imputed using Carry Forward procedure,S2018_OC,2018
R,Reported,S2018_OC,2018
Z,Implied zero;,S2018_OC,2018
A,Not applicable,S2018_SIS,2018
B,Institution left item blank,S2018_SIS,2018
C,Analyst corrected reported value,S2018_SIS,2018
D,Do not know,S2018_SIS,2018
G,Data generated from other data values,S2018_SIS,2018
H,Value not derived - data not usable,S2018_SIS,2018
J,Logical imputation,S2018_SIS,2018
K,Ratio adjustment,S2018_SIS,2018
L,Imputed using the Group Median procedure,S2018_SIS,2018
N,Imputed using Nearest Neighbor procedure,S2018_SIS,2018
P,Imputed using Carry Forward procedure,S2018_SIS,2018
R,Reported,S2018_SIS,2018
Z,Implied zero;,S2018_SIS,2018
A,Not applicable,SAL2018_IS,2018
B,Institution left item blank,SAL2018_IS,2018
C,Analyst corrected reported value,SAL2018_IS,2018
D,Do not know,SAL2018_IS,2018
G,Data generated from other data values,SAL2018_IS,2018
H,Value not derived - data not usable,SAL2018_IS,2018
J,Logical imputation,SAL2018_IS,2018
K,Ratio adjustment,SAL2018_IS,2018
L,Imputed using the Group Median procedure,SAL2018_IS,2018
N,Imputed using Nearest Neighbor procedure,SAL2018_IS,2018
P,Imputed using Carry Forward procedure,SAL2018_IS,2018
R,Reported,SAL2018_IS,2018
Z,Implied zero;,SAL2018_IS,2018
A,Not applicable,SAL2018_NIS,2018
B,Institution left item blank,SAL2018_NIS,2018
C,Analyst corrected reported value,SAL2018_NIS,2018
D,Do not know,SAL2018_NIS,2018
G,Data generated from other data values,SAL2018_NIS,2018
H,Value not derived - data not usable,SAL2018_NIS,2018
J,Logical imputation,SAL2018_NIS,2018
K,Ratio adjustment,SAL2018_NIS,2018
L,Imputed using the Group Median procedure,SAL2018_NIS,2018
N,Imputed using Nearest Neighbor procedure,SAL2018_NIS,2018
P,Imputed using Carry Forward procedure,SAL2018_NIS,2018
R,Reported,SAL2018_NIS,2018
Z,Implied zero;,SAL2018_NIS,2018
A,Not applicable,SFA1718,2018
B,Institution left item blank,SFA1718,2018
C,Analyst corrected reported value,SFA1718,2018
D,Do not know,SFA1718,2018
G,Data generated from other data values,SFA1718,2018
H,Value not derived - data not usable,SFA1718,2018
J,Logical imputation,SFA1718,2018
K,Ratio adjustment,SFA1718,2018
L,Imputed using the Group Median procedure,SFA1718,2018
N,Imputed using Nearest Neighbor procedure,SFA1718,2018
P,Imputed using Carry Forward procedure,SFA1718,2018
R,Reported,SFA1718,2018
Z,Implied zero;,SFA1718,2018
A,Not applicable,SFA1718,2018
B,Institution left item blank,SFA1718,2018
C,Analyst corrected reported value,SFA1718,2018
D,Do not know,SFA1718,2018
G,Data generated from other data values,SFA1718,2018
H,Value not derived - data not usable,SFA1718,2018
J,Logical imputation,SFA1718,2018
K,Ratio adjustment,SFA1718,2018
L,Imputed using the Group Median procedure,SFA1718,2018
N,Imputed using Nearest Neighbor procedure,SFA1718,2018
P,Imputed using Carry Forward procedure,SFA1718,2018
R,Reported,SFA1718,2018
Z,Implied zero;,SFA1718,2018
A,Not applicable,SFAV1718,2018
B,Institution left item blank,SFAV1718,2018
C,Analyst corrected reported value,SFAV1718,2018
D,Do not know,SFAV1718,2018
G,Data generated from other data values,SFAV1718,2018
H,Value not derived - data not usable,SFAV1718,2018
J,Logical imputation,SFAV1718,2018
K,Ratio adjustment,SFAV1718,2018
L,Imputed using the Group Median procedure,SFAV1718,2018
N,Imputed using Nearest Neighbor procedure,SFAV1718,2018
P,Imputed using Carry Forward procedure,SFAV1718,2018
R,Reported,SFAV1718,2018
Z,Implied zero;,SFAV1718,2018
A,Not applicable,SFAV1718,2018
B,Institution left item blank,SFAV1718,2018
C,Analyst corrected reported value,SFAV1718,2018
D,Do not know,SFAV1718,2018
G,Data generated from other data values,SFAV1718,2018
H,Value not derived - data not usable,SFAV1718,2018
J,Logical imputation,SFAV1718,2018
K,Ratio adjustment,SFAV1718,2018
L,Imputed using the Group Median procedure,SFAV1718,2018
N,Imputed using Nearest Neighbor procedure,SFAV1718,2018
P,Imputed using Carry Forward procedure,SFAV1718,2018
R,Reported,SFAV1718,2018
Z,Implied zero;,SFAV1718,2018
A,Not applicable,ADM2019,2019
B,Institution left item blank,ADM2019,2019
C,Analyst corrected reported value,ADM2019,2019
D,Do not know,ADM2019,2019
G,Data generated from other data values,ADM2019,2019
H,Value not derived - data not usable,ADM2019,2019
J,Logical imputation,ADM2019,2019
K,Ratio adjustment,ADM2019,2019
L,Imputed using the Group Median procedure,ADM2019,2019
N,Imputed using Nearest Neighbor procedure,ADM2019,2019
P,Imputed using Carry Forward procedure,ADM2019,2019
R,Reported,ADM2019,2019
Z,Implied zero;,ADM2019,2019
A,Not applicable,AL2019,2019
B,Institution left item blank,AL2019,2019
C,Analyst corrected reported value,AL2019,2019
D,Do not know,AL2019,2019
G,Data generated from other data values,AL2019,2019
H,Value not derived - data not usable,AL2019,2019
J,Logical imputation,AL2019,2019
K,Ratio adjustment,AL2019,2019
L,Imputed using the Group Median procedure,AL2019,2019
N,Imputed using Nearest Neighbor procedure,AL2019,2019
P,Imputed using Carry Forward procedure,AL2019,2019
R,Reported,AL2019,2019
Z,Implied zero;,AL2019,2019
A,Not applicable,C2019_A,2019
B,Institution left item blank,C2019_A,2019
C,Analyst corrected reported value,C2019_A,2019
D,Do not know,C2019_A,2019
G,Data generated from other data values,C2019_A,2019
H,Value not derived - data not usable,C2019_A,2019
J,Logical imputation,C2019_A,2019
K,Ratio adjustment,C2019_A,2019
L,Imputed using the Group Median procedure,C2019_A,2019
N,Imputed using Nearest Neighbor procedure,C2019_A,2019
P,Imputed using Carry Forward procedure,C2019_A,2019
R,Reported,C2019_A,2019
Z,Implied zero;,C2019_A,2019
A,Not applicable,C2019_C,2019
B,Institution left item blank,C2019_C,2019
C,Analyst corrected reported value,C2019_C,2019
D,Do not know,C2019_C,2019
G,Data generated from other data values,C2019_C,2019
H,Value not derived - data not usable,C2019_C,2019
J,Logical imputation,C2019_C,2019
K,Ratio adjustment,C2019_C,2019
L,Imputed using the Group Median procedure,C2019_C,2019
N,Imputed using Nearest Neighbor procedure,C2019_C,2019
P,Imputed using Carry Forward procedure,C2019_C,2019
R,Reported,C2019_C,2019
Z,Implied zero;,C2019_C,2019
A,Not applicable,EAP2019,2019
B,Institution left item blank,EAP2019,2019
C,Analyst corrected reported value,EAP2019,2019
D,Do not know,EAP2019,2019
G,Data generated from other data values,EAP2019,2019
H,Value not derived - data not usable,EAP2019,2019
J,Logical imputation,EAP2019,2019
K,Ratio adjustment,EAP2019,2019
L,Imputed using the Group Median procedure,EAP2019,2019
N,Imputed using Nearest Neighbor procedure,EAP2019,2019
P,Imputed using Carry Forward procedure,EAP2019,2019
R,Reported,EAP2019,2019
Z,Implied zero;,EAP2019,2019
A,Not applicable,EF2019A,2019
B,Institution left item blank,EF2019A,2019
C,Analyst corrected reported value,EF2019A,2019
D,Do not know,EF2019A,2019
G,Data generated from other data values,EF2019A,2019
H,Value not derived - data not usable,EF2019A,2019
J,Logical imputation,EF2019A,2019
K,Ratio adjustment,EF2019A,2019
L,Imputed using the Group Median procedure,EF2019A,2019
N,Imputed using Nearest Neighbor procedure,EF2019A,2019
P,Imputed using Carry Forward procedure,EF2019A,2019
R,Reported,EF2019A,2019
Z,Implied zero;,EF2019A,2019
A,Not applicable,EF2019B,2019
B,Institution left item blank,EF2019B,2019
C,Analyst corrected reported value,EF2019B,2019
D,Do not know,EF2019B,2019
G,Data generated from other data values,EF2019B,2019
H,Value not derived - data not usable,EF2019B,2019
J,Logical imputation,EF2019B,2019
K,Ratio adjustment,EF2019B,2019
L,Imputed using the Group Median procedure,EF2019B,2019
N,Imputed using Nearest Neighbor procedure,EF2019B,2019
P,Imputed using Carry Forward procedure,EF2019B,2019
R,Reported,EF2019B,2019
Z,Implied zero;,EF2019B,2019
A,Not applicable,EF2019C,2019
B,Institution left item blank,EF2019C,2019
C,Analyst corrected reported value,EF2019C,2019
D,Do not know,EF2019C,2019
G,Data generated from other data values,EF2019C,2019
H,Value not derived - data not usable,EF2019C,2019
J,Logical imputation,EF2019C,2019
K,Ratio adjustment,EF2019C,2019
L,Imputed using the Group Median procedure,EF2019C,2019
N,Imputed using Nearest Neighbor procedure,EF2019C,2019
P,Imputed using Carry Forward procedure,EF2019C,2019
R,Reported,EF2019C,2019
Z,Implied zero;,EF2019C,2019
A,Not applicable,EF2019D,2019
B,Institution left item blank,EF2019D,2019
C,Analyst corrected reported value,EF2019D,2019
D,Do not know,EF2019D,2019
G,Data generated from other data values,EF2019D,2019
H,Value not derived - data not usable,EF2019D,2019
J,Logical imputation,EF2019D,2019
K,Ratio adjustment,EF2019D,2019
L,Imputed using the Group Median procedure,EF2019D,2019
N,Imputed using Nearest Neighbor procedure,EF2019D,2019
P,Imputed using Carry Forward procedure,EF2019D,2019
R,Reported,EF2019D,2019
Z,Implied zero;,EF2019D,2019
A,Not applicable,EFFY2019,2019
B,Institution left item blank,EFFY2019,2019
C,Analyst corrected reported value,EFFY2019,2019
D,Do not know,EFFY2019,2019
G,Data generated from other data values,EFFY2019,2019
H,Value not derived - data not usable,EFFY2019,2019
J,Logical imputation,EFFY2019,2019
K,Ratio adjustment,EFFY2019,2019
L,Imputed using the Group Median procedure,EFFY2019,2019
N,Imputed using Nearest Neighbor procedure,EFFY2019,2019
P,Imputed using Carry Forward procedure,EFFY2019,2019
R,Reported,EFFY2019,2019
Z,Implied zero;,EFFY2019,2019
A,Not applicable,EFIA2019,2019
B,Institution left item blank,EFIA2019,2019
C,Analyst corrected reported value,EFIA2019,2019
D,Do not know,EFIA2019,2019
G,Data generated from other data values,EFIA2019,2019
H,Value not derived - data not usable,EFIA2019,2019
J,Logical imputation,EFIA2019,2019
K,Ratio adjustment,EFIA2019,2019
L,Imputed using the Group Median procedure,EFIA2019,2019
N,Imputed using Nearest Neighbor procedure,EFIA2019,2019
P,Imputed using Carry Forward procedure,EFIA2019,2019
R,Reported,EFIA2019,2019
Z,Implied zero;,EFIA2019,2019
A,Not applicable,F1819_F1A,2019
B,Institution left item blank,F1819_F1A,2019
C,Analyst corrected reported value,F1819_F1A,2019
D,Do not know,F1819_F1A,2019
G,Data generated from other data values,F1819_F1A,2019
H,Value not derived - data not usable,F1819_F1A,2019
J,Logical imputation,F1819_F1A,2019
K,Ratio adjustment,F1819_F1A,2019
L,Imputed using the Group Median procedure,F1819_F1A,2019
N,Imputed using Nearest Neighbor procedure,F1819_F1A,2019
P,Imputed using Carry Forward procedure,F1819_F1A,2019
R,Reported,F1819_F1A,2019
Z,Implied zero;,F1819_F1A,2019
A,Not applicable,F1819_F2,2019
B,Institution left item blank,F1819_F2,2019
C,Analyst corrected reported value,F1819_F2,2019
D,Do not know,F1819_F2,2019
G,Data generated from other data values,F1819_F2,2019
H,Value not derived - data not usable,F1819_F2,2019
J,Logical imputation,F1819_F2,2019
K,Ratio adjustment,F1819_F2,2019
L,Imputed using the Group Median procedure,F1819_F2,2019
N,Imputed using Nearest Neighbor procedure,F1819_F2,2019
P,Imputed using Carry Forward procedure,F1819_F2,2019
R,Reported,F1819_F2,2019
Z,Implied zero;,F1819_F2,2019
A,Not applicable,F1819_F3,2019
B,Institution left item blank,F1819_F3,2019
C,Analyst corrected reported value,F1819_F3,2019
D,Do not know,F1819_F3,2019
G,Data generated from other data values,F1819_F3,2019
H,Value not derived - data not usable,F1819_F3,2019
J,Logical imputation,F1819_F3,2019
K,Ratio adjustment,F1819_F3,2019
L,Imputed using the Group Median procedure,F1819_F3,2019
N,Imputed using Nearest Neighbor procedure,F1819_F3,2019
P,Imputed using Carry Forward procedure,F1819_F3,2019
R,Reported,F1819_F3,2019
Z,Implied zero;,F1819_F3,2019
A,Not applicable,F1819_F1A,2019
B,Institution left item blank,F1819_F1A,2019
C,Analyst corrected reported value,F1819_F1A,2019
D,Do not know,F1819_F1A,2019
G,Data generated from other data values,F1819_F1A,2019
H,Value not derived - data not usable,F1819_F1A,2019
J,Logical imputation,F1819_F1A,2019
K,Ratio adjustment,F1819_F1A,2019
L,Imputed using the Group Median procedure,F1819_F1A,2019
N,Imputed using Nearest Neighbor procedure,F1819_F1A,2019
P,Imputed using Carry Forward procedure,F1819_F1A,2019
R,Reported,F1819_F1A,2019
Z,Implied zero;,F1819_F1A,2019
A,Not applicable,F1819_F2,2019
B,Institution left item blank,F1819_F2,2019
C,Analyst corrected reported value,F1819_F2,2019
D,Do not know,F1819_F2,2019
G,Data generated from other data values,F1819_F2,2019
H,Value not derived - data not usable,F1819_F2,2019
J,Logical imputation,F1819_F2,2019
K,Ratio adjustment,F1819_F2,2019
L,Imputed using the Group Median procedure,F1819_F2,2019
N,Imputed using Nearest Neighbor procedure,F1819_F2,2019
P,Imputed using Carry Forward procedure,F1819_F2,2019
R,Reported,F1819_F2,2019
Z,Implied zero;,F1819_F2,2019
A,Not applicable,F1819_F3,2019
B,Institution left item blank,F1819_F3,2019
C,Analyst corrected reported value,F1819_F3,2019
D,Do not know,F1819_F3,2019
G,Data generated from other data values,F1819_F3,2019
H,Value not derived - data not usable,F1819_F3,2019
J,Logical imputation,F1819_F3,2019
K,Ratio adjustment,F1819_F3,2019
L,Imputed using the Group Median procedure,F1819_F3,2019
N,Imputed using Nearest Neighbor procedure,F1819_F3,2019
P,Imputed using Carry Forward procedure,F1819_F3,2019
R,Reported,F1819_F3,2019
Z,Implied zero;,F1819_F3,2019
A,Not applicable,GR200_19,2019
B,Institution left item blank,GR200_19,2019
C,Analyst corrected reported value,GR200_19,2019
D,Do not know,GR200_19,2019
G,Data generated from other data values,GR200_19,2019
H,Value not derived - data not usable,GR200_19,2019
J,Logical imputation,GR200_19,2019
K,Ratio adjustment,GR200_19,2019
L,Imputed using the Group Median procedure,GR200_19,2019
N,Imputed using Nearest Neighbor procedure,GR200_19,2019
P,Imputed using Carry Forward procedure,GR200_19,2019
R,Reported,GR200_19,2019
Z,Implied zero;,GR200_19,2019
A,Not applicable,GR2019,2019
B,Institution left item blank,GR2019,2019
C,Analyst corrected reported value,GR2019,2019
D,Do not know,GR2019,2019
G,Data generated from other data values,GR2019,2019
H,Value not derived - data not usable,GR2019,2019
J,Logical imputation,GR2019,2019
K,Ratio adjustment,GR2019,2019
L,Imputed using the Group Median procedure,GR2019,2019
N,Imputed using Nearest Neighbor procedure,GR2019,2019
P,Imputed using Carry Forward procedure,GR2019,2019
R,Reported,GR2019,2019
Z,Implied zero;,GR2019,2019
A,Not applicable,GR2019_L2,2019
B,Institution left item blank,GR2019_L2,2019
C,Analyst corrected reported value,GR2019_L2,2019
D,Do not know,GR2019_L2,2019
G,Data generated from other data values,GR2019_L2,2019
H,Value not derived - data not usable,GR2019_L2,2019
J,Logical imputation,GR2019_L2,2019
K,Ratio adjustment,GR2019_L2,2019
L,Imputed using the Group Median procedure,GR2019_L2,2019
N,Imputed using Nearest Neighbor procedure,GR2019_L2,2019
P,Imputed using Carry Forward procedure,GR2019_L2,2019
R,Reported,GR2019_L2,2019
Z,Implied zero;,GR2019_L2,2019
A,Not applicable,GR2019_PELL_SSL,2019
B,Institution left item blank,GR2019_PELL_SSL,2019
C,Analyst corrected reported value,GR2019_PELL_SSL,2019
D,Do not know,GR2019_PELL_SSL,2019
G,Data generated from other data values,GR2019_PELL_SSL,2019
H,Value not derived - data not usable,GR2019_PELL_SSL,2019
J,Logical imputation,GR2019_PELL_SSL,2019
K,Ratio adjustment,GR2019_PELL_SSL,2019
L,Imputed using the Group Median procedure,GR2019_PELL_SSL,2019
N,Imputed using Nearest Neighbor procedure,GR2019_PELL_SSL,2019
P,Imputed using Carry Forward procedure,GR2019_PELL_SSL,2019
R,Reported,GR2019_PELL_SSL,2019
Z,Implied zero;,GR2019_PELL_SSL,2019
A,Not applicable,IC2019_AY,2019
B,Institution left item blank,IC2019_AY,2019
C,Analyst corrected reported value,IC2019_AY,2019
D,Do not know,IC2019_AY,2019
G,Data generated from other data values,IC2019_AY,2019
H,Value not derived - data not usable,IC2019_AY,2019
J,Logical imputation,IC2019_AY,2019
K,Ratio adjustment,IC2019_AY,2019
L,Imputed using the Group Median procedure,IC2019_AY,2019
N,Imputed using Nearest Neighbor procedure,IC2019_AY,2019
P,Imputed using Carry Forward procedure,IC2019_AY,2019
R,Reported,IC2019_AY,2019
Y,Particular Doctor's professional practice field not applicable,IC2019_AY,2019
Z,Implied zero;,IC2019_AY,2019
A,Not applicable,IC2019_PY,2019
B,Institution left item blank,IC2019_PY,2019
C,Analyst corrected reported value,IC2019_PY,2019
D,Do not know,IC2019_PY,2019
G,Data generated from other data values,IC2019_PY,2019
H,Value not derived - data not usable,IC2019_PY,2019
J,Logical imputation,IC2019_PY,2019
K,Ratio adjustment,IC2019_PY,2019
L,Imputed using the Group Median procedure,IC2019_PY,2019
N,Imputed using Nearest Neighbor procedure,IC2019_PY,2019
P,Imputed using Carry Forward procedure,IC2019_PY,2019
R,Reported,IC2019_PY,2019
Z,Implied zero;,IC2019_PY,2019
A,Not applicable,OM2019,2019
B,Institution left item blank,OM2019,2019
C,Analyst corrected reported value,OM2019,2019
D,Do not know,OM2019,2019
G,Data generated from other data values,OM2019,2019
H,Value not derived - data not usable,OM2019,2019
J,Logical imputation,OM2019,2019
K,Ratio adjustment,OM2019,2019
L,Imputed using the Group Median procedure,OM2019,2019
N,Imputed using Nearest Neighbor procedure,OM2019,2019
P,Imputed using Carry Forward procedure,OM2019,2019
R,Reported,OM2019,2019
Z,Implied zero;,OM2019,2019
A,Not applicable,S2019_IS,2019
B,Institution left item blank,S2019_IS,2019
C,Analyst corrected reported value,S2019_IS,2019
D,Do not know,S2019_IS,2019
G,Data generated from other data values,S2019_IS,2019
H,Value not derived - data not usable,S2019_IS,2019
J,Logical imputation,S2019_IS,2019
K,Ratio adjustment,S2019_IS,2019
L,Imputed using the Group Median procedure,S2019_IS,2019
N,Imputed using Nearest Neighbor procedure,S2019_IS,2019
P,Imputed using Carry Forward procedure,S2019_IS,2019
R,Reported,S2019_IS,2019
Z,Implied zero;,S2019_IS,2019
A,Not applicable,S2019_NH,2019
B,Institution left item blank,S2019_NH,2019
C,Analyst corrected reported value,S2019_NH,2019
D,Do not know,S2019_NH,2019
G,Data generated from other data values,S2019_NH,2019
H,Value not derived - data not usable,S2019_NH,2019
J,Logical imputation,S2019_NH,2019
K,Ratio adjustment,S2019_NH,2019
L,Imputed using the Group Median procedure,S2019_NH,2019
N,Imputed using Nearest Neighbor procedure,S2019_NH,2019
P,Imputed using Carry Forward procedure,S2019_NH,2019
R,Reported,S2019_NH,2019
Z,Implied zero;,S2019_NH,2019
A,Not applicable,S2019_OC,2019
B,Institution left item blank,S2019_OC,2019
C,Analyst corrected reported value,S2019_OC,2019
D,Do not know,S2019_OC,2019
G,Data generated from other data values,S2019_OC,2019
H,Value not derived - data not usable,S2019_OC,2019
J,Logical imputation,S2019_OC,2019
K,Ratio adjustment,S2019_OC,2019
L,Imputed using the Group Median procedure,S2019_OC,2019
N,Imputed using Nearest Neighbor procedure,S2019_OC,2019
P,Imputed using Carry Forward procedure,S2019_OC,2019
R,Reported,S2019_OC,2019
Z,Implied zero;,S2019_OC,2019
A,Not applicable,S2019_SIS,2019
B,Institution left item blank,S2019_SIS,2019
C,Analyst corrected reported value,S2019_SIS,2019
D,Do not know,S2019_SIS,2019
G,Data generated from other data values,S2019_SIS,2019
H,Value not derived - data not usable,S2019_SIS,2019
J,Logical imputation,S2019_SIS,2019
K,Ratio adjustment,S2019_SIS,2019
L,Imputed using the Group Median procedure,S2019_SIS,2019
N,Imputed using Nearest Neighbor procedure,S2019_SIS,2019
P,Imputed using Carry Forward procedure,S2019_SIS,2019
R,Reported,S2019_SIS,2019
Z,Implied zero;,S2019_SIS,2019
A,Not applicable,SAL2019_IS,2019
B,Institution left item blank,SAL2019_IS,2019
C,Analyst corrected reported value,SAL2019_IS,2019
D,Do not know,SAL2019_IS,2019
G,Data generated from other data values,SAL2019_IS,2019
H,Value not derived - data not usable,SAL2019_IS,2019
J,Logical imputation,SAL2019_IS,2019
K,Ratio adjustment,SAL2019_IS,2019
L,Imputed using the Group Median procedure,SAL2019_IS,2019
N,Imputed using Nearest Neighbor procedure,SAL2019_IS,2019
P,Imputed using Carry Forward procedure,SAL2019_IS,2019
R,Reported,SAL2019_IS,2019
Z,Implied zero;,SAL2019_IS,2019
A,Not applicable,SAL2019_NIS,2019
B,Institution left item blank,SAL2019_NIS,2019
C,Analyst corrected reported value,SAL2019_NIS,2019
D,Do not know,SAL2019_NIS,2019
G,Data generated from other data values,SAL2019_NIS,2019
H,Value not derived - data not usable,SAL2019_NIS,2019
J,Logical imputation,SAL2019_NIS,2019
K,Ratio adjustment,SAL2019_NIS,2019
L,Imputed using the Group Median procedure,SAL2019_NIS,2019
N,Imputed using Nearest Neighbor procedure,SAL2019_NIS,2019
P,Imputed using Carry Forward procedure,SAL2019_NIS,2019
R,Reported,SAL2019_NIS,2019
Z,Implied zero;,SAL2019_NIS,2019
A,Not applicable,SFA1819,2019
B,Institution left item blank,SFA1819,2019
C,Analyst corrected reported value,SFA1819,2019
D,Do not know,SFA1819,2019
G,Data generated from other data values,SFA1819,2019
H,Value not derived - data not usable,SFA1819,2019
J,Logical imputation,SFA1819,2019
K,Ratio adjustment,SFA1819,2019
L,Imputed using the Group Median procedure,SFA1819,2019
N,Imputed using Nearest Neighbor procedure,SFA1819,2019
P,Imputed using Carry Forward procedure,SFA1819,2019
R,Reported,SFA1819,2019
Z,Implied zero;,SFA1819,2019
A,Not applicable,SFA1819,2019
B,Institution left item blank,SFA1819,2019
C,Analyst corrected reported value,SFA1819,2019
D,Do not know,SFA1819,2019
G,Data generated from other data values,SFA1819,2019
H,Value not derived - data not usable,SFA1819,2019
J,Logical imputation,SFA1819,2019
K,Ratio adjustment,SFA1819,2019
L,Imputed using the Group Median procedure,SFA1819,2019
N,Imputed using Nearest Neighbor procedure,SFA1819,2019
P,Imputed using Carry Forward procedure,SFA1819,2019
R,Reported,SFA1819,2019
Z,Implied zero;,SFA1819,2019
A,Not applicable,SFAV1819,2019
B,Institution left item blank,SFAV1819,2019
C,Analyst corrected reported value,SFAV1819,2019
D,Do not know,SFAV1819,2019
G,Data generated from other data values,SFAV1819,2019
H,Value not derived - data not usable,SFAV1819,2019
J,Logical imputation,SFAV1819,2019
K,Ratio adjustment,SFAV1819,2019
L,Imputed using the Group Median procedure,SFAV1819,2019
N,Imputed using Nearest Neighbor procedure,SFAV1819,2019
P,Imputed using Carry Forward procedure,SFAV1819,2019
R,Reported,SFAV1819,2019
Z,Implied zero;,SFAV1819,2019
A,Not applicable,SFAV1819,2019
B,Institution left item blank,SFAV1819,2019
C,Analyst corrected reported value,SFAV1819,2019
D,Do not know,SFAV1819,2019
G,Data generated from other data values,SFAV1819,2019
H,Value not derived - data not usable,SFAV1819,2019
J,Logical imputation,SFAV1819,2019
K,Ratio adjustment,SFAV1819,2019
L,Imputed using the Group Median procedure,SFAV1819,2019
N,Imputed using Nearest Neighbor procedure,SFAV1819,2019
P,Imputed using Carry Forward procedure,SFAV1819,2019
R,Reported,SFAV1819,2019
Z,Implied zero;,SFAV1819,2019
A,Not applicable,ADM2020,2020
B,Institution left item blank,ADM2020,2020
C,Analyst corrected reported value,ADM2020,2020
D,Do not know,ADM2020,2020
G,Data generated from other data values,ADM2020,2020
H,Value not derived - data not usable,ADM2020,2020
J,Logical imputation,ADM2020,2020
K,Ratio adjustment,ADM2020,2020
L,Imputed using the Group Median procedure,ADM2020,2020
N,Imputed using Nearest Neighbor procedure,ADM2020,2020
P,Imputed using Carry Forward procedure,ADM2020,2020
R,Reported,ADM2020,2020
Z,Implied zero;,ADM2020,2020
A,Not applicable,AL2020,2020
B,Institution left item blank,AL2020,2020
C,Analyst corrected reported value,AL2020,2020
D,Do not know,AL2020,2020
G,Data generated from other data values,AL2020,2020
H,Value not derived - data not usable,AL2020,2020
J,Logical imputation,AL2020,2020
K,Ratio adjustment,AL2020,2020
L,Imputed using the Group Median procedure,AL2020,2020
N,Imputed using Nearest Neighbor procedure,AL2020,2020
P,Imputed using Carry Forward procedure,AL2020,2020
R,Reported,AL2020,2020
Z,Implied zero;,AL2020,2020
A,Not applicable,C2020_A,2020
B,Institution left item blank,C2020_A,2020
C,Analyst corrected reported value,C2020_A,2020
D,Do not know,C2020_A,2020
G,Data generated from other data values,C2020_A,2020
H,Value not derived - data not usable,C2020_A,2020
J,Logical imputation,C2020_A,2020
K,Ratio adjustment,C2020_A,2020
L,Imputed using the Group Median procedure,C2020_A,2020
N,Imputed using Nearest Neighbor procedure,C2020_A,2020
P,Imputed using Carry Forward procedure,C2020_A,2020
R,Reported,C2020_A,2020
Z,Implied zero;,C2020_A,2020
A,Not applicable,C2020_C,2020
B,Institution left item blank,C2020_C,2020
C,Analyst corrected reported value,C2020_C,2020
D,Do not know,C2020_C,2020
G,Data generated from other data values,C2020_C,2020
H,Value not derived - data not usable,C2020_C,2020
J,Logical imputation,C2020_C,2020
K,Ratio adjustment,C2020_C,2020
L,Imputed using the Group Median procedure,C2020_C,2020
N,Imputed using Nearest Neighbor procedure,C2020_C,2020
P,Imputed using Carry Forward procedure,C2020_C,2020
R,Reported,C2020_C,2020
Z,Implied zero;,C2020_C,2020
A,Not applicable,EAP2020,2020
B,Institution left item blank,EAP2020,2020
C,Analyst corrected reported value,EAP2020,2020
D,Do not know,EAP2020,2020
G,Data generated from other data values,EAP2020,2020
H,Value not derived - data not usable,EAP2020,2020
J,Logical imputation,EAP2020,2020
K,Ratio adjustment,EAP2020,2020
L,Imputed using the Group Median procedure,EAP2020,2020
N,Imputed using Nearest Neighbor procedure,EAP2020,2020
P,Imputed using Carry Forward procedure,EAP2020,2020
R,Reported,EAP2020,2020
Z,Implied zero;,EAP2020,2020
A,Not applicable,EF2020A,2020
B,Institution left item blank,EF2020A,2020
C,Analyst corrected reported value,EF2020A,2020
D,Do not know,EF2020A,2020
G,Data generated from other data values,EF2020A,2020
H,Value not derived - data not usable,EF2020A,2020
J,Logical imputation,EF2020A,2020
K,Ratio adjustment,EF2020A,2020
L,Imputed using the Group Median procedure,EF2020A,2020
N,Imputed using Nearest Neighbor procedure,EF2020A,2020
P,Imputed using Carry Forward procedure,EF2020A,2020
R,Reported,EF2020A,2020
Z,Implied zero;,EF2020A,2020
A,Not applicable,EF2020B,2020
B,Institution left item blank,EF2020B,2020
C,Analyst corrected reported value,EF2020B,2020
D,Do not know,EF2020B,2020
G,Data generated from other data values,EF2020B,2020
H,Value not derived - data not usable,EF2020B,2020
J,Logical imputation,EF2020B,2020
K,Ratio adjustment,EF2020B,2020
L,Imputed using the Group Median procedure,EF2020B,2020
N,Imputed using Nearest Neighbor procedure,EF2020B,2020
P,Imputed using Carry Forward procedure,EF2020B,2020
R,Reported,EF2020B,2020
Z,Implied zero;,EF2020B,2020
A,Not applicable,EF2020C,2020
B,Institution left item blank,EF2020C,2020
C,Analyst corrected reported value,EF2020C,2020
D,Do not know,EF2020C,2020
G,Data generated from other data values,EF2020C,2020
H,Value not derived - data not usable,EF2020C,2020
J,Logical imputation,EF2020C,2020
K,Ratio adjustment,EF2020C,2020
L,Imputed using the Group Median procedure,EF2020C,2020
N,Imputed using Nearest Neighbor procedure,EF2020C,2020
P,Imputed using Carry Forward procedure,EF2020C,2020
R,Reported,EF2020C,2020
Z,Implied zero;,EF2020C,2020
A,Not applicable,EF2020D,2020
B,Institution left item blank,EF2020D,2020
C,Analyst corrected reported value,EF2020D,2020
D,Do not know,EF2020D,2020
G,Data generated from other data values,EF2020D,2020
H,Value not derived - data not usable,EF2020D,2020
J,Logical imputation,EF2020D,2020
K,Ratio adjustment,EF2020D,2020
L,Imputed using the Group Median procedure,EF2020D,2020
N,Imputed using Nearest Neighbor procedure,EF2020D,2020
P,Imputed using Carry Forward procedure,EF2020D,2020
R,Reported,EF2020D,2020
Z,Implied zero;,EF2020D,2020
A,Not applicable,EFFY2020,2020
B,Institution left item blank,EFFY2020,2020
C,Analyst corrected reported value,EFFY2020,2020
D,Do not know,EFFY2020,2020
G,Data generated from other data values,EFFY2020,2020
H,Value not derived - data not usable,EFFY2020,2020
J,Logical imputation,EFFY2020,2020
K,Ratio adjustment,EFFY2020,2020
L,Imputed using the Group Median procedure,EFFY2020,2020
N,Imputed using Nearest Neighbor procedure,EFFY2020,2020
P,Imputed using Carry Forward procedure,EFFY2020,2020
R,Reported,EFFY2020,2020
Z,Implied zero;,EFFY2020,2020
A,Not applicable,EFFY2020_DIST,2020
B,Institution left item blank,EFFY2020_DIST,2020
C,Analyst corrected reported value,EFFY2020_DIST,2020
D,Do not know,EFFY2020_DIST,2020
G,Data generated from other data values,EFFY2020_DIST,2020
H,Value not derived - data not usable,EFFY2020_DIST,2020
J,Logical imputation,EFFY2020_DIST,2020
K,Ratio adjustment,EFFY2020_DIST,2020
L,Imputed using the Group Median procedure,EFFY2020_DIST,2020
N,Imputed using Nearest Neighbor procedure,EFFY2020_DIST,2020
P,Imputed using Carry Forward procedure,EFFY2020_DIST,2020
R,Reported,EFFY2020_DIST,2020
Z,Implied zero;,EFFY2020_DIST,2020
A,Not applicable,EFIA2020,2020
B,Institution left item blank,EFIA2020,2020
C,Analyst corrected reported value,EFIA2020,2020
D,Do not know,EFIA2020,2020
G,Data generated from other data values,EFIA2020,2020
H,Value not derived - data not usable,EFIA2020,2020
J,Logical imputation,EFIA2020,2020
K,Ratio adjustment,EFIA2020,2020
L,Imputed using the Group Median procedure,EFIA2020,2020
N,Imputed using Nearest Neighbor procedure,EFIA2020,2020
P,Imputed using Carry Forward procedure,EFIA2020,2020
R,Reported,EFIA2020,2020
Z,Implied zero;,EFIA2020,2020
A,Not applicable,F1920_F1A,2020
B,Institution left item blank,F1920_F1A,2020
C,Analyst corrected reported value,F1920_F1A,2020
D,Do not know,F1920_F1A,2020
G,Data generated from other data values,F1920_F1A,2020
H,Value not derived - data not usable,F1920_F1A,2020
J,Logical imputation,F1920_F1A,2020
K,Ratio adjustment,F1920_F1A,2020
L,Imputed using the Group Median procedure,F1920_F1A,2020
N,Imputed using Nearest Neighbor procedure,F1920_F1A,2020
P,Imputed using Carry Forward procedure,F1920_F1A,2020
R,Reported,F1920_F1A,2020
Z,Implied zero;,F1920_F1A,2020
A,Not applicable,F1920_F2,2020
B,Institution left item blank,F1920_F2,2020
C,Analyst corrected reported value,F1920_F2,2020
D,Do not know,F1920_F2,2020
G,Data generated from other data values,F1920_F2,2020
H,Value not derived - data not usable,F1920_F2,2020
J,Logical imputation,F1920_F2,2020
K,Ratio adjustment,F1920_F2,2020
L,Imputed using the Group Median procedure,F1920_F2,2020
N,Imputed using Nearest Neighbor procedure,F1920_F2,2020
P,Imputed using Carry Forward procedure,F1920_F2,2020
R,Reported,F1920_F2,2020
Z,Implied zero;,F1920_F2,2020
A,Not applicable,F1920_F3,2020
B,Institution left item blank,F1920_F3,2020
C,Analyst corrected reported value,F1920_F3,2020
D,Do not know,F1920_F3,2020
G,Data generated from other data values,F1920_F3,2020
H,Value not derived - data not usable,F1920_F3,2020
J,Logical imputation,F1920_F3,2020
K,Ratio adjustment,F1920_F3,2020
L,Imputed using the Group Median procedure,F1920_F3,2020
N,Imputed using Nearest Neighbor procedure,F1920_F3,2020
P,Imputed using Carry Forward procedure,F1920_F3,2020
R,Reported,F1920_F3,2020
Z,Implied zero;,F1920_F3,2020
A,Not applicable,F1920_F1A,2020
B,Institution left item blank,F1920_F1A,2020
C,Analyst corrected reported value,F1920_F1A,2020
D,Do not know,F1920_F1A,2020
G,Data generated from other data values,F1920_F1A,2020
H,Value not derived - data not usable,F1920_F1A,2020
J,Logical imputation,F1920_F1A,2020
K,Ratio adjustment,F1920_F1A,2020
L,Imputed using the Group Median procedure,F1920_F1A,2020
N,Imputed using Nearest Neighbor procedure,F1920_F1A,2020
P,Imputed using Carry Forward procedure,F1920_F1A,2020
R,Reported,F1920_F1A,2020
Z,Implied zero;,F1920_F1A,2020
A,Not applicable,F1920_F2,2020
B,Institution left item blank,F1920_F2,2020
C,Analyst corrected reported value,F1920_F2,2020
D,Do not know,F1920_F2,2020
G,Data generated from other data values,F1920_F2,2020
H,Value not derived - data not usable,F1920_F2,2020
J,Logical imputation,F1920_F2,2020
K,Ratio adjustment,F1920_F2,2020
L,Imputed using the Group Median procedure,F1920_F2,2020
N,Imputed using Nearest Neighbor procedure,F1920_F2,2020
P,Imputed using Carry Forward procedure,F1920_F2,2020
R,Reported,F1920_F2,2020
Z,Implied zero;,F1920_F2,2020
A,Not applicable,F1920_F3,2020
B,Institution left item blank,F1920_F3,2020
C,Analyst corrected reported value,F1920_F3,2020
D,Do not know,F1920_F3,2020
G,Data generated from other data values,F1920_F3,2020
H,Value not derived - data not usable,F1920_F3,2020
J,Logical imputation,F1920_F3,2020
K,Ratio adjustment,F1920_F3,2020
L,Imputed using the Group Median procedure,F1920_F3,2020
N,Imputed using Nearest Neighbor procedure,F1920_F3,2020
P,Imputed using Carry Forward procedure,F1920_F3,2020
R,Reported,F1920_F3,2020
Z,Implied zero;,F1920_F3,2020
A,Not applicable,GR200_20,2020
B,Institution left item blank,GR200_20,2020
C,Analyst corrected reported value,GR200_20,2020
D,Do not know,GR200_20,2020
G,Data generated from other data values,GR200_20,2020
H,Value not derived - data not usable,GR200_20,2020
J,Logical imputation,GR200_20,2020
K,Ratio adjustment,GR200_20,2020
L,Imputed using the Group Median procedure,GR200_20,2020
N,Imputed using Nearest Neighbor procedure,GR200_20,2020
P,Imputed using Carry Forward procedure,GR200_20,2020
R,Reported,GR200_20,2020
Z,Implied zero;,GR200_20,2020
A,Not applicable,GR2020,2020
B,Institution left item blank,GR2020,2020
C,Analyst corrected reported value,GR2020,2020
D,Do not know,GR2020,2020
G,Data generated from other data values,GR2020,2020
H,Value not derived - data not usable,GR2020,2020
J,Logical imputation,GR2020,2020
K,Ratio adjustment,GR2020,2020
L,Imputed using the Group Median procedure,GR2020,2020
N,Imputed using Nearest Neighbor procedure,GR2020,2020
P,Imputed using Carry Forward procedure,GR2020,2020
R,Reported,GR2020,2020
Z,Implied zero;,GR2020,2020
A,Not applicable,GR2020_L2,2020
B,Institution left item blank,GR2020_L2,2020
C,Analyst corrected reported value,GR2020_L2,2020
D,Do not know,GR2020_L2,2020
G,Data generated from other data values,GR2020_L2,2020
H,Value not derived - data not usable,GR2020_L2,2020
J,Logical imputation,GR2020_L2,2020
K,Ratio adjustment,GR2020_L2,2020
L,Imputed using the Group Median procedure,GR2020_L2,2020
N,Imputed using Nearest Neighbor procedure,GR2020_L2,2020
P,Imputed using Carry Forward procedure,GR2020_L2,2020
R,Reported,GR2020_L2,2020
Z,Implied zero;,GR2020_L2,2020
A,Not applicable,GR2020_PELL_SSL,2020
B,Institution left item blank,GR2020_PELL_SSL,2020
C,Analyst corrected reported value,GR2020_PELL_SSL,2020
D,Do not know,GR2020_PELL_SSL,2020
G,Data generated from other data values,GR2020_PELL_SSL,2020
H,Value not derived - data not usable,GR2020_PELL_SSL,2020
J,Logical imputation,GR2020_PELL_SSL,2020
K,Ratio adjustment,GR2020_PELL_SSL,2020
L,Imputed using the Group Median procedure,GR2020_PELL_SSL,2020
N,Imputed using Nearest Neighbor procedure,GR2020_PELL_SSL,2020
P,Imputed using Carry Forward procedure,GR2020_PELL_SSL,2020
R,Reported,GR2020_PELL_SSL,2020
Z,Implied zero;,GR2020_PELL_SSL,2020
A,Not applicable,IC2020_AY,2020
B,Institution left item blank,IC2020_AY,2020
C,Analyst corrected reported value,IC2020_AY,2020
D,Do not know,IC2020_AY,2020
G,Data generated from other data values,IC2020_AY,2020
H,Value not derived - data not usable,IC2020_AY,2020
J,Logical imputation,IC2020_AY,2020
K,Ratio adjustment,IC2020_AY,2020
L,Imputed using the Group Median procedure,IC2020_AY,2020
N,Imputed using Nearest Neighbor procedure,IC2020_AY,2020
P,Imputed using Carry Forward procedure,IC2020_AY,2020
R,Reported,IC2020_AY,2020
Y,Particular Doctor's professional practice field not applicable,IC2020_AY,2020
Z,Implied zero;,IC2020_AY,2020
A,Not applicable,IC2020_PY,2020
B,Institution left item blank,IC2020_PY,2020
C,Analyst corrected reported value,IC2020_PY,2020
D,Do not know,IC2020_PY,2020
G,Data generated from other data values,IC2020_PY,2020
H,Value not derived - data not usable,IC2020_PY,2020
J,Logical imputation,IC2020_PY,2020
K,Ratio adjustment,IC2020_PY,2020
L,Imputed using the Group Median procedure,IC2020_PY,2020
N,Imputed using Nearest Neighbor procedure,IC2020_PY,2020
P,Imputed using Carry Forward procedure,IC2020_PY,2020
R,Reported,IC2020_PY,2020
Z,Implied zero;,IC2020_PY,2020
A,Not applicable,OM2020,2020
B,Institution left item blank,OM2020,2020
C,Analyst corrected reported value,OM2020,2020
D,Do not know,OM2020,2020
G,Data generated from other data values,OM2020,2020
H,Value not derived - data not usable,OM2020,2020
J,Logical imputation,OM2020,2020
K,Ratio adjustment,OM2020,2020
L,Imputed using the Group Median procedure,OM2020,2020
N,Imputed using Nearest Neighbor procedure,OM2020,2020
P,Imputed using Carry Forward procedure,OM2020,2020
R,Reported,OM2020,2020
Z,Implied zero;,OM2020,2020
A,Not applicable,S2020_IS,2020
B,Institution left item blank,S2020_IS,2020
C,Analyst corrected reported value,S2020_IS,2020
D,Do not know,S2020_IS,2020
G,Data generated from other data values,S2020_IS,2020
H,Value not derived - data not usable,S2020_IS,2020
J,Logical imputation,S2020_IS,2020
K,Ratio adjustment,S2020_IS,2020
L,Imputed using the Group Median procedure,S2020_IS,2020
N,Imputed using Nearest Neighbor procedure,S2020_IS,2020
P,Imputed using Carry Forward procedure,S2020_IS,2020
R,Reported,S2020_IS,2020
Z,Implied zero;,S2020_IS,2020
A,Not applicable,S2020_NH,2020
B,Institution left item blank,S2020_NH,2020
C,Analyst corrected reported value,S2020_NH,2020
D,Do not know,S2020_NH,2020
G,Data generated from other data values,S2020_NH,2020
H,Value not derived - data not usable,S2020_NH,2020
J,Logical imputation,S2020_NH,2020
K,Ratio adjustment,S2020_NH,2020
L,Imputed using the Group Median procedure,S2020_NH,2020
N,Imputed using Nearest Neighbor procedure,S2020_NH,2020
P,Imputed using Carry Forward procedure,S2020_NH,2020
R,Reported,S2020_NH,2020
Z,Implied zero;,S2020_NH,2020
A,Not applicable,S2020_OC,2020
B,Institution left item blank,S2020_OC,2020
C,Analyst corrected reported value,S2020_OC,2020
D,Do not know,S2020_OC,2020
G,Data generated from other data values,S2020_OC,2020
H,Value not derived - data not usable,S2020_OC,2020
J,Logical imputation,S2020_OC,2020
K,Ratio adjustment,S2020_OC,2020
L,Imputed using the Group Median procedure,S2020_OC,2020
N,Imputed using Nearest Neighbor procedure,S2020_OC,2020
P,Imputed using Carry Forward procedure,S2020_OC,2020
R,Reported,S2020_OC,2020
Z,Implied zero;,S2020_OC,2020
A,Not applicable,S2020_SIS,2020
B,Institution left item blank,S2020_SIS,2020
C,Analyst corrected reported value,S2020_SIS,2020
D,Do not know,S2020_SIS,2020
G,Data generated from other data values,S2020_SIS,2020
H,Value not derived - data not usable,S2020_SIS,2020
J,Logical imputation,S2020_SIS,2020
K,Ratio adjustment,S2020_SIS,2020
L,Imputed using the Group Median procedure,S2020_SIS,2020
N,Imputed using Nearest Neighbor procedure,S2020_SIS,2020
P,Imputed using Carry Forward procedure,S2020_SIS,2020
R,Reported,S2020_SIS,2020
Z,Implied zero;,S2020_SIS,2020
A,Not applicable,SAL2020_IS,2020
B,Institution left item blank,SAL2020_IS,2020
C,Analyst corrected reported value,SAL2020_IS,2020
D,Do not know,SAL2020_IS,2020
G,Data generated from other data values,SAL2020_IS,2020
H,Value not derived - data not usable,SAL2020_IS,2020
J,Logical imputation,SAL2020_IS,2020
K,Ratio adjustment,SAL2020_IS,2020
L,Imputed using the Group Median procedure,SAL2020_IS,2020
N,Imputed using Nearest Neighbor procedure,SAL2020_IS,2020
P,Imputed using Carry Forward procedure,SAL2020_IS,2020
R,Reported,SAL2020_IS,2020
Z,Implied zero;,SAL2020_IS,2020
A,Not applicable,SAL2020_NIS,2020
B,Institution left item blank,SAL2020_NIS,2020
C,Analyst corrected reported value,SAL2020_NIS,2020
D,Do not know,SAL2020_NIS,2020
G,Data generated from other data values,SAL2020_NIS,2020
H,Value not derived - data not usable,SAL2020_NIS,2020
J,Logical imputation,SAL2020_NIS,2020
K,Ratio adjustment,SAL2020_NIS,2020
L,Imputed using the Group Median procedure,SAL2020_NIS,2020
N,Imputed using Nearest Neighbor procedure,SAL2020_NIS,2020
P,Imputed using Carry Forward procedure,SAL2020_NIS,2020
R,Reported,SAL2020_NIS,2020
Z,Implied zero;,SAL2020_NIS,2020
A,Not applicable,SFA1920,2020
B,Institution left item blank,SFA1920,2020
C,Analyst corrected reported value,SFA1920,2020
D,Do not know,SFA1920,2020
G,Data generated from other data values,SFA1920,2020
H,Value not derived - data not usable,SFA1920,2020
J,Logical imputation,SFA1920,2020
K,Ratio adjustment,SFA1920,2020
L,Imputed using the Group Median procedure,SFA1920,2020
N,Imputed using Nearest Neighbor procedure,SFA1920,2020
P,Imputed using Carry Forward procedure,SFA1920,2020
R,Reported,SFA1920,2020
Z,Implied zero;,SFA1920,2020
A,Not applicable,SFA1920,2020
B,Institution left item blank,SFA1920,2020
C,Analyst corrected reported value,SFA1920,2020
D,Do not know,SFA1920,2020
G,Data generated from other data values,SFA1920,2020
H,Value not derived - data not usable,SFA1920,2020
J,Logical imputation,SFA1920,2020
K,Ratio adjustment,SFA1920,2020
L,Imputed using the Group Median procedure,SFA1920,2020
N,Imputed using Nearest Neighbor procedure,SFA1920,2020
P,Imputed using Carry Forward procedure,SFA1920,2020
R,Reported,SFA1920,2020
Z,Implied zero;,SFA1920,2020
A,Not applicable,SFAV1920,2020
B,Institution left item blank,SFAV1920,2020
C,Analyst corrected reported value,SFAV1920,2020
D,Do not know,SFAV1920,2020
G,Data generated from other data values,SFAV1920,2020
H,Value not derived - data not usable,SFAV1920,2020
J,Logical imputation,SFAV1920,2020
K,Ratio adjustment,SFAV1920,2020
L,Imputed using the Group Median procedure,SFAV1920,2020
N,Imputed using Nearest Neighbor procedure,SFAV1920,2020
P,Imputed using Carry Forward procedure,SFAV1920,2020
R,Reported,SFAV1920,2020
Z,Implied zero;,SFAV1920,2020
A,Not applicable,SFAV1920,2020
B,Institution left item blank,SFAV1920,2020
C,Analyst corrected reported value,SFAV1920,2020
D,Do not know,SFAV1920,2020
G,Data generated from other data values,SFAV1920,2020
H,Value not derived - data not usable,SFAV1920,2020
J,Logical imputation,SFAV1920,2020
K,Ratio adjustment,SFAV1920,2020
L,Imputed using the Group Median procedure,SFAV1920,2020
N,Imputed using Nearest Neighbor procedure,SFAV1920,2020
P,Imputed using Carry Forward procedure,SFAV1920,2020
R,Reported,SFAV1920,2020
Z,Implied zero;,SFAV1920,2020
A,Not applicable,ADM2021,2021
B,Institution left item blank,ADM2021,2021
C,Analyst corrected reported value,ADM2021,2021
D,Do not know,ADM2021,2021
G,Data generated from other data values,ADM2021,2021
H,Value not derived - data not usable,ADM2021,2021
J,Logical imputation,ADM2021,2021
K,Ratio adjustment,ADM2021,2021
L,Imputed using the Group Median procedure,ADM2021,2021
N,Imputed using Nearest Neighbor procedure,ADM2021,2021
P,Imputed using Carry Forward procedure,ADM2021,2021
R,Reported,ADM2021,2021
Z,Implied zero;,ADM2021,2021
A,Not applicable,AL2021,2021
B,Institution left item blank,AL2021,2021
C,Analyst corrected reported value,AL2021,2021
D,Do not know,AL2021,2021
G,Data generated from other data values,AL2021,2021
H,Value not derived - data not usable,AL2021,2021
J,Logical imputation,AL2021,2021
K,Ratio adjustment,AL2021,2021
L,Imputed using the Group Median procedure,AL2021,2021
N,Imputed using Nearest Neighbor procedure,AL2021,2021
P,Imputed using Carry Forward procedure,AL2021,2021
R,Reported,AL2021,2021
Z,Implied zero;,AL2021,2021
A,Not applicable,C2021_A,2021
B,Institution left item blank,C2021_A,2021
C,Analyst corrected reported value,C2021_A,2021
D,Do not know,C2021_A,2021
G,Data generated from other data values,C2021_A,2021
H,Value not derived - data not usable,C2021_A,2021
J,Logical imputation,C2021_A,2021
K,Ratio adjustment,C2021_A,2021
L,Imputed using the Group Median procedure,C2021_A,2021
N,Imputed using Nearest Neighbor procedure,C2021_A,2021
P,Imputed using Carry Forward procedure,C2021_A,2021
R,Reported,C2021_A,2021
Z,Implied zero;,C2021_A,2021
A,Not applicable,C2021_C,2021
B,Institution left item blank,C2021_C,2021
C,Analyst corrected reported value,C2021_C,2021
D,Do not know,C2021_C,2021
G,Data generated from other data values,C2021_C,2021
H,Value not derived - data not usable,C2021_C,2021
J,Logical imputation,C2021_C,2021
K,Ratio adjustment,C2021_C,2021
L,Imputed using the Group Median procedure,C2021_C,2021
N,Imputed using Nearest Neighbor procedure,C2021_C,2021
P,Imputed using Carry Forward procedure,C2021_C,2021
R,Reported,C2021_C,2021
Z,Implied zero;,C2021_C,2021
A,Not applicable,EAP2021,2021
B,Institution left item blank,EAP2021,2021
C,Analyst corrected reported value,EAP2021,2021
D,Do not know,EAP2021,2021
G,Data generated from other data values,EAP2021,2021
H,Value not derived - data not usable,EAP2021,2021
J,Logical imputation,EAP2021,2021
K,Ratio adjustment,EAP2021,2021
L,Imputed using the Group Median procedure,EAP2021,2021
N,Imputed using Nearest Neighbor procedure,EAP2021,2021
P,Imputed using Carry Forward procedure,EAP2021,2021
R,Reported,EAP2021,2021
Z,Implied zero;,EAP2021,2021
A,Not applicable,EF2021A,2021
B,Institution left item blank,EF2021A,2021
C,Analyst corrected reported value,EF2021A,2021
D,Do not know,EF2021A,2021
G,Data generated from other data values,EF2021A,2021
H,Value not derived - data not usable,EF2021A,2021
J,Logical imputation,EF2021A,2021
K,Ratio adjustment,EF2021A,2021
L,Imputed using the Group Median procedure,EF2021A,2021
N,Imputed using Nearest Neighbor procedure,EF2021A,2021
P,Imputed using Carry Forward procedure,EF2021A,2021
R,Reported,EF2021A,2021
Z,Implied zero;,EF2021A,2021
A,Not applicable,EF2021B,2021
B,Institution left item blank,EF2021B,2021
C,Analyst corrected reported value,EF2021B,2021
D,Do not know,EF2021B,2021
G,Data generated from other data values,EF2021B,2021
H,Value not derived - data not usable,EF2021B,2021
J,Logical imputation,EF2021B,2021
K,Ratio adjustment,EF2021B,2021
L,Imputed using the Group Median procedure,EF2021B,2021
N,Imputed using Nearest Neighbor procedure,EF2021B,2021
P,Imputed using Carry Forward procedure,EF2021B,2021
R,Reported,EF2021B,2021
Z,Implied zero;,EF2021B,2021
A,Not applicable,EF2021C,2021
B,Institution left item blank,EF2021C,2021
C,Analyst corrected reported value,EF2021C,2021
D,Do not know,EF2021C,2021
G,Data generated from other data values,EF2021C,2021
H,Value not derived - data not usable,EF2021C,2021
J,Logical imputation,EF2021C,2021
K,Ratio adjustment,EF2021C,2021
L,Imputed using the Group Median procedure,EF2021C,2021
N,Imputed using Nearest Neighbor procedure,EF2021C,2021
P,Imputed using Carry Forward procedure,EF2021C,2021
R,Reported,EF2021C,2021
Z,Implied zero;,EF2021C,2021
A,Not applicable,EF2021D,2021
B,Institution left item blank,EF2021D,2021
C,Analyst corrected reported value,EF2021D,2021
D,Do not know,EF2021D,2021
G,Data generated from other data values,EF2021D,2021
H,Value not derived - data not usable,EF2021D,2021
J,Logical imputation,EF2021D,2021
K,Ratio adjustment,EF2021D,2021
L,Imputed using the Group Median procedure,EF2021D,2021
N,Imputed using Nearest Neighbor procedure,EF2021D,2021
P,Imputed using Carry Forward procedure,EF2021D,2021
R,Reported,EF2021D,2021
Z,Implied zero;,EF2021D,2021
A,Not applicable,EFFY2021,2021
B,Institution left item blank,EFFY2021,2021
C,Analyst corrected reported value,EFFY2021,2021
D,Do not know,EFFY2021,2021
G,Data generated from other data values,EFFY2021,2021
H,Value not derived - data not usable,EFFY2021,2021
J,Logical imputation,EFFY2021,2021
K,Ratio adjustment,EFFY2021,2021
L,Imputed using the Group Median procedure,EFFY2021,2021
N,Imputed using Nearest Neighbor procedure,EFFY2021,2021
P,Imputed using Carry Forward procedure,EFFY2021,2021
R,Reported,EFFY2021,2021
Z,Implied zero;,EFFY2021,2021
A,Not applicable,EFFY2021_DIST,2021
B,Institution left item blank,EFFY2021_DIST,2021
C,Analyst corrected reported value,EFFY2021_DIST,2021
D,Do not know,EFFY2021_DIST,2021
G,Data generated from other data values,EFFY2021_DIST,2021
H,Value not derived - data not usable,EFFY2021_DIST,2021
J,Logical imputation,EFFY2021_DIST,2021
K,Ratio adjustment,EFFY2021_DIST,2021
L,Imputed using the Group Median procedure,EFFY2021_DIST,2021
N,Imputed using Nearest Neighbor procedure,EFFY2021_DIST,2021
P,Imputed using Carry Forward procedure,EFFY2021_DIST,2021
R,Reported,EFFY2021_DIST,2021
Z,Implied zero;,EFFY2021_DIST,2021
A,Not applicable,EFIA2021,2021
B,Institution left item blank,EFIA2021,2021
C,Analyst corrected reported value,EFIA2021,2021
D,Do not know,EFIA2021,2021
G,Data generated from other data values,EFIA2021,2021
H,Value not derived - data not usable,EFIA2021,2021
J,Logical imputation,EFIA2021,2021
K,Ratio adjustment,EFIA2021,2021
L,Imputed using the Group Median procedure,EFIA2021,2021
N,Imputed using Nearest Neighbor procedure,EFIA2021,2021
P,Imputed using Carry Forward procedure,EFIA2021,2021
R,Reported,EFIA2021,2021
Z,Implied zero;,EFIA2021,2021
A,Not applicable,F2021_F1A,2021
B,Institution left item blank,F2021_F1A,2021
C,Analyst corrected reported value,F2021_F1A,2021
D,Do not know,F2021_F1A,2021
G,Data generated from other data values,F2021_F1A,2021
H,Value not derived - data not usable,F2021_F1A,2021
J,Logical imputation,F2021_F1A,2021
K,Ratio adjustment,F2021_F1A,2021
L,Imputed using the Group Median procedure,F2021_F1A,2021
N,Imputed using Nearest Neighbor procedure,F2021_F1A,2021
P,Imputed using Carry Forward procedure,F2021_F1A,2021
R,Reported,F2021_F1A,2021
Z,Implied zero;,F2021_F1A,2021
A,Not applicable,F2021_F2,2021
B,Institution left item blank,F2021_F2,2021
C,Analyst corrected reported value,F2021_F2,2021
D,Do not know,F2021_F2,2021
G,Data generated from other data values,F2021_F2,2021
H,Value not derived - data not usable,F2021_F2,2021
J,Logical imputation,F2021_F2,2021
K,Ratio adjustment,F2021_F2,2021
L,Imputed using the Group Median procedure,F2021_F2,2021
N,Imputed using Nearest Neighbor procedure,F2021_F2,2021
P,Imputed using Carry Forward procedure,F2021_F2,2021
R,Reported,F2021_F2,2021
Z,Implied zero;,F2021_F2,2021
A,Not applicable,F2021_F3,2021
B,Institution left item blank,F2021_F3,2021
C,Analyst corrected reported value,F2021_F3,2021
D,Do not know,F2021_F3,2021
G,Data generated from other data values,F2021_F3,2021
H,Value not derived - data not usable,F2021_F3,2021
J,Logical imputation,F2021_F3,2021
K,Ratio adjustment,F2021_F3,2021
L,Imputed using the Group Median procedure,F2021_F3,2021
N,Imputed using Nearest Neighbor procedure,F2021_F3,2021
P,Imputed using Carry Forward procedure,F2021_F3,2021
R,Reported,F2021_F3,2021
Z,Implied zero;,F2021_F3,2021
A,Not applicable,GR200_21,2021
B,Institution left item blank,GR200_21,2021
C,Analyst corrected reported value,GR200_21,2021
D,Do not know,GR200_21,2021
G,Data generated from other data values,GR200_21,2021
H,Value not derived - data not usable,GR200_21,2021
J,Logical imputation,GR200_21,2021
K,Ratio adjustment,GR200_21,2021
L,Imputed using the Group Median procedure,GR200_21,2021
N,Imputed using Nearest Neighbor procedure,GR200_21,2021
P,Imputed using Carry Forward procedure,GR200_21,2021
R,Reported,GR200_21,2021
Z,Implied zero;,GR200_21,2021
A,Not applicable,GR2021,2021
B,Institution left item blank,GR2021,2021
C,Analyst corrected reported value,GR2021,2021
D,Do not know,GR2021,2021
G,Data generated from other data values,GR2021,2021
H,Value not derived - data not usable,GR2021,2021
J,Logical imputation,GR2021,2021
K,Ratio adjustment,GR2021,2021
L,Imputed using the Group Median procedure,GR2021,2021
N,Imputed using Nearest Neighbor procedure,GR2021,2021
P,Imputed using Carry Forward procedure,GR2021,2021
R,Reported,GR2021,2021
Z,Implied zero;,GR2021,2021
A,Not applicable,GR2021_L2,2021
B,Institution left item blank,GR2021_L2,2021
C,Analyst corrected reported value,GR2021_L2,2021
D,Do not know,GR2021_L2,2021
G,Data generated from other data values,GR2021_L2,2021
H,Value not derived - data not usable,GR2021_L2,2021
J,Logical imputation,GR2021_L2,2021
K,Ratio adjustment,GR2021_L2,2021
L,Imputed using the Group Median procedure,GR2021_L2,2021
N,Imputed using Nearest Neighbor procedure,GR2021_L2,2021
P,Imputed using Carry Forward procedure,GR2021_L2,2021
R,Reported,GR2021_L2,2021
Z,Implied zero;,GR2021_L2,2021
A,Not applicable,GR2021_PELL_SSL,2021
B,Institution left item blank,GR2021_PELL_SSL,2021
C,Analyst corrected reported value,GR2021_PELL_SSL,2021
D,Do not know,GR2021_PELL_SSL,2021
G,Data generated from other data values,GR2021_PELL_SSL,2021
H,Value not derived - data not usable,GR2021_PELL_SSL,2021
J,Logical imputation,GR2021_PELL_SSL,2021
K,Ratio adjustment,GR2021_PELL_SSL,2021
L,Imputed using the Group Median procedure,GR2021_PELL_SSL,2021
N,Imputed using Nearest Neighbor procedure,GR2021_PELL_SSL,2021
P,Imputed using Carry Forward procedure,GR2021_PELL_SSL,2021
R,Reported,GR2021_PELL_SSL,2021
Z,Implied zero;,GR2021_PELL_SSL,2021
A,Not applicable,IC2021_AY,2021
B,Institution left item blank,IC2021_AY,2021
C,Analyst corrected reported value,IC2021_AY,2021
D,Do not know,IC2021_AY,2021
G,Data generated from other data values,IC2021_AY,2021
H,Value not derived - data not usable,IC2021_AY,2021
J,Logical imputation,IC2021_AY,2021
K,Ratio adjustment,IC2021_AY,2021
L,Imputed using the Group Median procedure,IC2021_AY,2021
N,Imputed using Nearest Neighbor procedure,IC2021_AY,2021
P,Imputed using Carry Forward procedure,IC2021_AY,2021
R,Reported,IC2021_AY,2021
Y,Particular Doctor's professional practice field not applicable,IC2021_AY,2021
Z,Implied zero;,IC2021_AY,2021
A,Not applicable,IC2021_PY,2021
B,Institution left item blank,IC2021_PY,2021
C,Analyst corrected reported value,IC2021_PY,2021
D,Do not know,IC2021_PY,2021
G,Data generated from other data values,IC2021_PY,2021
H,Value not derived - data not usable,IC2021_PY,2021
J,Logical imputation,IC2021_PY,2021
K,Ratio adjustment,IC2021_PY,2021
L,Imputed using the Group Median procedure,IC2021_PY,2021
N,Imputed using Nearest Neighbor procedure,IC2021_PY,2021
P,Imputed using Carry Forward procedure,IC2021_PY,2021
R,Reported,IC2021_PY,2021
Z,Implied zero;,IC2021_PY,2021
A,Not applicable,OM2021,2021
B,Institution left item blank,OM2021,2021
C,Analyst corrected reported value,OM2021,2021
D,Do not know,OM2021,2021
G,Data generated from other data values,OM2021,2021
H,Value not derived - data not usable,OM2021,2021
J,Logical imputation,OM2021,2021
K,Ratio adjustment,OM2021,2021
L,Imputed using the Group Median procedure,OM2021,2021
N,Imputed using Nearest Neighbor procedure,OM2021,2021
P,Imputed using Carry Forward procedure,OM2021,2021
R,Reported,OM2021,2021
Z,Implied zero;,OM2021,2021
A,Not applicable,S2021_IS,2021
B,Institution left item blank,S2021_IS,2021
C,Analyst corrected reported value,S2021_IS,2021
D,Do not know,S2021_IS,2021
G,Data generated from other data values,S2021_IS,2021
H,Value not derived - data not usable,S2021_IS,2021
J,Logical imputation,S2021_IS,2021
K,Ratio adjustment,S2021_IS,2021
L,Imputed using the Group Median procedure,S2021_IS,2021
N,Imputed using Nearest Neighbor procedure,S2021_IS,2021
P,Imputed using Carry Forward procedure,S2021_IS,2021
R,Reported,S2021_IS,2021
Z,Implied zero;,S2021_IS,2021
A,Not applicable,S2021_NH,2021
B,Institution left item blank,S2021_NH,2021
C,Analyst corrected reported value,S2021_NH,2021
D,Do not know,S2021_NH,2021
G,Data generated from other data values,S2021_NH,2021
H,Value not derived - data not usable,S2021_NH,2021
J,Logical imputation,S2021_NH,2021
K,Ratio adjustment,S2021_NH,2021
L,Imputed using the Group Median procedure,S2021_NH,2021
N,Imputed using Nearest Neighbor procedure,S2021_NH,2021
P,Imputed using Carry Forward procedure,S2021_NH,2021
R,Reported,S2021_NH,2021
Z,Implied zero;,S2021_NH,2021
A,Not applicable,S2021_OC,2021
B,Institution left item blank,S2021_OC,2021
C,Analyst corrected reported value,S2021_OC,2021
D,Do not know,S2021_OC,2021
G,Data generated from other data values,S2021_OC,2021
H,Value not derived - data not usable,S2021_OC,2021
J,Logical imputation,S2021_OC,2021
K,Ratio adjustment,S2021_OC,2021
L,Imputed using the Group Median procedure,S2021_OC,2021
N,Imputed using Nearest Neighbor procedure,S2021_OC,2021
P,Imputed using Carry Forward procedure,S2021_OC,2021
R,Reported,S2021_OC,2021
Z,Implied zero;,S2021_OC,2021
A,Not applicable,S2021_SIS,2021
B,Institution left item blank,S2021_SIS,2021
C,Analyst corrected reported value,S2021_SIS,2021
D,Do not know,S2021_SIS,2021
G,Data generated from other data values,S2021_SIS,2021
H,Value not derived - data not usable,S2021_SIS,2021
J,Logical imputation,S2021_SIS,2021
K,Ratio adjustment,S2021_SIS,2021
L,Imputed using the Group Median procedure,S2021_SIS,2021
N,Imputed using Nearest Neighbor procedure,S2021_SIS,2021
P,Imputed using Carry Forward procedure,S2021_SIS,2021
R,Reported,S2021_SIS,2021
Z,Implied zero;,S2021_SIS,2021
A,Not applicable,SAL2021_IS,2021
B,Institution left item blank,SAL2021_IS,2021
C,Analyst corrected reported value,SAL2021_IS,2021
D,Do not know,SAL2021_IS,2021
G,Data generated from other data values,SAL2021_IS,2021
H,Value not derived - data not usable,SAL2021_IS,2021
J,Logical imputation,SAL2021_IS,2021
K,Ratio adjustment,SAL2021_IS,2021
L,Imputed using the Group Median procedure,SAL2021_IS,2021
N,Imputed using Nearest Neighbor procedure,SAL2021_IS,2021
P,Imputed using Carry Forward procedure,SAL2021_IS,2021
R,Reported,SAL2021_IS,2021
Z,Implied zero;,SAL2021_IS,2021
A,Not applicable,SAL2021_NIS,2021
B,Institution left item blank,SAL2021_NIS,2021
C,Analyst corrected reported value,SAL2021_NIS,2021
D,Do not know,SAL2021_NIS,2021
G,Data generated from other data values,SAL2021_NIS,2021
H,Value not derived - data not usable,SAL2021_NIS,2021
J,Logical imputation,SAL2021_NIS,2021
K,Ratio adjustment,SAL2021_NIS,2021
L,Imputed using the Group Median procedure,SAL2021_NIS,2021
N,Imputed using Nearest Neighbor procedure,SAL2021_NIS,2021
P,Imputed using Carry Forward procedure,SAL2021_NIS,2021
R,Reported,SAL2021_NIS,2021
Z,Implied zero;,SAL2021_NIS,2021
A,Not applicable,SFA2021,2021
B,Institution left item blank,SFA2021,2021
C,Analyst corrected reported value,SFA2021,2021
D,Do not know,SFA2021,2021
G,Data generated from other data values,SFA2021,2021
H,Value not derived - data not usable,SFA2021,2021
J,Logical imputation,SFA2021,2021
K,Ratio adjustment,SFA2021,2021
L,Imputed using the Group Median procedure,SFA2021,2021
N,Imputed using Nearest Neighbor procedure,SFA2021,2021
P,Imputed using Carry Forward procedure,SFA2021,2021
R,Reported,SFA2021,2021
Z,Implied zero;,SFA2021,2021
A,Not applicable,SFAV2021,2021
B,Institution left item blank,SFAV2021,2021
C,Analyst corrected reported value,SFAV2021,2021
D,Do not know,SFAV2021,2021
G,Data generated from other data values,SFAV2021,2021
H,Value not derived - data not usable,SFAV2021,2021
J,Logical imputation,SFAV2021,2021
K,Ratio adjustment,SFAV2021,2021
L,Imputed using the Group Median procedure,SFAV2021,2021
N,Imputed using Nearest Neighbor procedure,SFAV2021,2021
P,Imputed using Carry Forward procedure,SFAV2021,2021
R,Reported,SFAV2021,2021
Z,Implied zero;,SFAV2021,2021
A,Not applicable,ADM2022,2022
B,Institution left item blank,ADM2022,2022
C,Analyst corrected reported value,ADM2022,2022
D,Do not know,ADM2022,2022
G,Data generated from other data values,ADM2022,2022
H,Value not derived - data not usable,ADM2022,2022
J,Logical imputation,ADM2022,2022
K,Ratio adjustment,ADM2022,2022
L,Imputed using the Group Median procedure,ADM2022,2022
N,Imputed using Nearest Neighbor procedure,ADM2022,2022
P,Imputed using Carry Forward procedure,ADM2022,2022
R,Reported,ADM2022,2022
Z,Implied zero;,ADM2022,2022
A,Not applicable,AL2022,2022
B,Institution left item blank,AL2022,2022
C,Analyst corrected reported value,AL2022,2022
D,Do not know,AL2022,2022
G,Data generated from other data values,AL2022,2022
H,Value not derived - data not usable,AL2022,2022
J,Logical imputation,AL2022,2022
K,Ratio adjustment,AL2022,2022
L,Imputed using the Group Median procedure,AL2022,2022
N,Imputed using Nearest Neighbor procedure,AL2022,2022
P,Imputed using Carry Forward procedure,AL2022,2022
R,Reported,AL2022,2022
Z,Implied zero;,AL2022,2022
A,Not applicable,C2022_A,2022
B,Institution left item blank,C2022_A,2022
C,Analyst corrected reported value,C2022_A,2022
D,Do not know,C2022_A,2022
G,Data generated from other data values,C2022_A,2022
H,Value not derived - data not usable,C2022_A,2022
J,Logical imputation,C2022_A,2022
K,Ratio adjustment,C2022_A,2022
L,Imputed using the Group Median procedure,C2022_A,2022
N,Imputed using Nearest Neighbor procedure,C2022_A,2022
P,Imputed using Carry Forward procedure,C2022_A,2022
R,Reported,C2022_A,2022
Z,Implied zero;,C2022_A,2022
A,Not applicable,C2022_C,2022
B,Institution left item blank,C2022_C,2022
C,Analyst corrected reported value,C2022_C,2022
D,Do not know,C2022_C,2022
G,Data generated from other data values,C2022_C,2022
H,Value not derived - data not usable,C2022_C,2022
J,Logical imputation,C2022_C,2022
K,Ratio adjustment,C2022_C,2022
L,Imputed using the Group Median procedure,C2022_C,2022
N,Imputed using Nearest Neighbor procedure,C2022_C,2022
P,Imputed using Carry Forward procedure,C2022_C,2022
R,Reported,C2022_C,2022
Z,Implied zero;,C2022_C,2022
A,Not applicable,EAP2022,2022
B,Institution left item blank,EAP2022,2022
C,Analyst corrected reported value,EAP2022,2022
D,Do not know,EAP2022,2022
G,Data generated from other data values,EAP2022,2022
H,Value not derived - data not usable,EAP2022,2022
J,Logical imputation,EAP2022,2022
K,Ratio adjustment,EAP2022,2022
L,Imputed using the Group Median procedure,EAP2022,2022
N,Imputed using Nearest Neighbor procedure,EAP2022,2022
P,Imputed using Carry Forward procedure,EAP2022,2022
R,Reported,EAP2022,2022
Z,Implied zero;,EAP2022,2022
A,Not applicable,EF2022A,2022
B,Institution left item blank,EF2022A,2022
C,Analyst corrected reported value,EF2022A,2022
D,Do not know,EF2022A,2022
G,Data generated from other data values,EF2022A,2022
H,Value not derived - data not usable,EF2022A,2022
J,Logical imputation,EF2022A,2022
K,Ratio adjustment,EF2022A,2022
L,Imputed using the Group Median procedure,EF2022A,2022
N,Imputed using Nearest Neighbor procedure,EF2022A,2022
P,Imputed using Carry Forward procedure,EF2022A,2022
R,Reported,EF2022A,2022
Z,Implied zero;,EF2022A,2022
A,Not applicable,EF2022B,2022
B,Institution left item blank,EF2022B,2022
C,Analyst corrected reported value,EF2022B,2022
D,Do not know,EF2022B,2022
G,Data generated from other data values,EF2022B,2022
H,Value not derived - data not usable,EF2022B,2022
J,Logical imputation,EF2022B,2022
K,Ratio adjustment,EF2022B,2022
L,Imputed using the Group Median procedure,EF2022B,2022
N,Imputed using Nearest Neighbor procedure,EF2022B,2022
P,Imputed using Carry Forward procedure,EF2022B,2022
R,Reported,EF2022B,2022
Z,Implied zero;,EF2022B,2022
A,Not applicable,EF2022C,2022
B,Institution left item blank,EF2022C,2022
C,Analyst corrected reported value,EF2022C,2022
D,Do not know,EF2022C,2022
G,Data generated from other data values,EF2022C,2022
H,Value not derived - data not usable,EF2022C,2022
J,Logical imputation,EF2022C,2022
K,Ratio adjustment,EF2022C,2022
L,Imputed using the Group Median procedure,EF2022C,2022
N,Imputed using Nearest Neighbor procedure,EF2022C,2022
P,Imputed using Carry Forward procedure,EF2022C,2022
R,Reported,EF2022C,2022
Z,Implied zero;,EF2022C,2022
A,Not applicable,EF2022D,2022
B,Institution left item blank,EF2022D,2022
C,Analyst corrected reported value,EF2022D,2022
D,Do not know,EF2022D,2022
G,Data generated from other data values,EF2022D,2022
H,Value not derived - data not usable,EF2022D,2022
J,Logical imputation,EF2022D,2022
K,Ratio adjustment,EF2022D,2022
L,Imputed using the Group Median procedure,EF2022D,2022
N,Imputed using Nearest Neighbor procedure,EF2022D,2022
P,Imputed using Carry Forward procedure,EF2022D,2022
R,Reported,EF2022D,2022
Z,Implied zero;,EF2022D,2022
A,Not applicable,EFFY2022,2022
B,Institution left item blank,EFFY2022,2022
C,Analyst corrected reported value,EFFY2022,2022
D,Do not know,EFFY2022,2022
G,Data generated from other data values,EFFY2022,2022
H,Value not derived - data not usable,EFFY2022,2022
J,Logical imputation,EFFY2022,2022
K,Ratio adjustment,EFFY2022,2022
L,Imputed using the Group Median procedure,EFFY2022,2022
N,Imputed using Nearest Neighbor procedure,EFFY2022,2022
P,Imputed using Carry Forward procedure,EFFY2022,2022
R,Reported,EFFY2022,2022
Z,Implied zero;,EFFY2022,2022
A,Not applicable,EFFY2022_DIST,2022
B,Institution left item blank,EFFY2022_DIST,2022
C,Analyst corrected reported value,EFFY2022_DIST,2022
D,Do not know,EFFY2022_DIST,2022
G,Data generated from other data values,EFFY2022_DIST,2022
H,Value not derived - data not usable,EFFY2022_DIST,2022
J,Logical imputation,EFFY2022_DIST,2022
K,Ratio adjustment,EFFY2022_DIST,2022
L,Imputed using the Group Median procedure,EFFY2022_DIST,2022
N,Imputed using Nearest Neighbor procedure,EFFY2022_DIST,2022
P,Imputed using Carry Forward procedure,EFFY2022_DIST,2022
R,Reported,EFFY2022_DIST,2022
Z,Implied zero;,EFFY2022_DIST,2022
A,Not applicable,EFIA2022,2022
B,Institution left item blank,EFIA2022,2022
C,Analyst corrected reported value,EFIA2022,2022
D,Do not know,EFIA2022,2022
G,Data generated from other data values,EFIA2022,2022
H,Value not derived - data not usable,EFIA2022,2022
J,Logical imputation,EFIA2022,2022
K,Ratio adjustment,EFIA2022,2022
L,Imputed using the Group Median procedure,EFIA2022,2022
N,Imputed using Nearest Neighbor procedure,EFIA2022,2022
P,Imputed using Carry Forward procedure,EFIA2022,2022
R,Reported,EFIA2022,2022
Z,Implied zero;,EFIA2022,2022
A,Not applicable,F2122_F1A,2022
B,Institution left item blank,F2122_F1A,2022
C,Analyst corrected reported value,F2122_F1A,2022
D,Do not know,F2122_F1A,2022
G,Data generated from other data values,F2122_F1A,2022
H,Value not derived - data not usable,F2122_F1A,2022
J,Logical imputation,F2122_F1A,2022
K,Ratio adjustment,F2122_F1A,2022
L,Imputed using the Group Median procedure,F2122_F1A,2022
N,Imputed using Nearest Neighbor procedure,F2122_F1A,2022
P,Imputed using Carry Forward procedure,F2122_F1A,2022
R,Reported,F2122_F1A,2022
Z,Implied zero;,F2122_F1A,2022
A,Not applicable,F2122_F2,2022
B,Institution left item blank,F2122_F2,2022
C,Analyst corrected reported value,F2122_F2,2022
D,Do not know,F2122_F2,2022
G,Data generated from other data values,F2122_F2,2022
H,Value not derived - data not usable,F2122_F2,2022
J,Logical imputation,F2122_F2,2022
K,Ratio adjustment,F2122_F2,2022
L,Imputed using the Group Median procedure,F2122_F2,2022
N,Imputed using Nearest Neighbor procedure,F2122_F2,2022
P,Imputed using Carry Forward procedure,F2122_F2,2022
R,Reported,F2122_F2,2022
Z,Implied zero;,F2122_F2,2022
A,Not applicable,F2122_F3,2022
B,Institution left item blank,F2122_F3,2022
C,Analyst corrected reported value,F2122_F3,2022
D,Do not know,F2122_F3,2022
G,Data generated from other data values,F2122_F3,2022
H,Value not derived - data not usable,F2122_F3,2022
J,Logical imputation,F2122_F3,2022
K,Ratio adjustment,F2122_F3,2022
L,Imputed using the Group Median procedure,F2122_F3,2022
N,Imputed using Nearest Neighbor procedure,F2122_F3,2022
P,Imputed using Carry Forward procedure,F2122_F3,2022
R,Reported,F2122_F3,2022
Z,Implied zero;,F2122_F3,2022
A,Not applicable,F2122_F1A,2022
B,Institution left item blank,F2122_F1A,2022
C,Analyst corrected reported value,F2122_F1A,2022
D,Do not know,F2122_F1A,2022
G,Data generated from other data values,F2122_F1A,2022
H,Value not derived - data not usable,F2122_F1A,2022
J,Logical imputation,F2122_F1A,2022
K,Ratio adjustment,F2122_F1A,2022
L,Imputed using the Group Median procedure,F2122_F1A,2022
N,Imputed using Nearest Neighbor procedure,F2122_F1A,2022
P,Imputed using Carry Forward procedure,F2122_F1A,2022
R,Reported,F2122_F1A,2022
Z,Implied zero;,F2122_F1A,2022
A,Not applicable,F2122_F2,2022
B,Institution left item blank,F2122_F2,2022
C,Analyst corrected reported value,F2122_F2,2022
D,Do not know,F2122_F2,2022
G,Data generated from other data values,F2122_F2,2022
H,Value not derived - data not usable,F2122_F2,2022
J,Logical imputation,F2122_F2,2022
K,Ratio adjustment,F2122_F2,2022
L,Imputed using the Group Median procedure,F2122_F2,2022
N,Imputed using Nearest Neighbor procedure,F2122_F2,2022
P,Imputed using Carry Forward procedure,F2122_F2,2022
R,Reported,F2122_F2,2022
Z,Implied zero;,F2122_F2,2022
A,Not applicable,F2122_F3,2022
B,Institution left item blank,F2122_F3,2022
C,Analyst corrected reported value,F2122_F3,2022
D,Do not know,F2122_F3,2022
G,Data generated from other data values,F2122_F3,2022
H,Value not derived - data not usable,F2122_F3,2022
J,Logical imputation,F2122_F3,2022
K,Ratio adjustment,F2122_F3,2022
L,Imputed using the Group Median procedure,F2122_F3,2022
N,Imputed using Nearest Neighbor procedure,F2122_F3,2022
P,Imputed using Carry Forward procedure,F2122_F3,2022
R,Reported,F2122_F3,2022
Z,Implied zero;,F2122_F3,2022
A,Not applicable,GR200_22,2022
B,Institution left item blank,GR200_22,2022
C,Analyst corrected reported value,GR200_22,2022
D,Do not know,GR200_22,2022
G,Data generated from other data values,GR200_22,2022
H,Value not derived - data not usable,GR200_22,2022
J,Logical imputation,GR200_22,2022
K,Ratio adjustment,GR200_22,2022
L,Imputed using the Group Median procedure,GR200_22,2022
N,Imputed using Nearest Neighbor procedure,GR200_22,2022
P,Imputed using Carry Forward procedure,GR200_22,2022
R,Reported,GR200_22,2022
Z,Implied zero;,GR200_22,2022
A,Not applicable,GR2022,2022
B,Institution left item blank,GR2022,2022
C,Analyst corrected reported value,GR2022,2022
D,Do not know,GR2022,2022
G,Data generated from other data values,GR2022,2022
H,Value not derived - data not usable,GR2022,2022
J,Logical imputation,GR2022,2022
K,Ratio adjustment,GR2022,2022
L,Imputed using the Group Median procedure,GR2022,2022
N,Imputed using Nearest Neighbor procedure,GR2022,2022
P,Imputed using Carry Forward procedure,GR2022,2022
R,Reported,GR2022,2022
Z,Implied zero;,GR2022,2022
A,Not applicable,GR2022_L2,2022
B,Institution left item blank,GR2022_L2,2022
C,Analyst corrected reported value,GR2022_L2,2022
D,Do not know,GR2022_L2,2022
G,Data generated from other data values,GR2022_L2,2022
H,Value not derived - data not usable,GR2022_L2,2022
J,Logical imputation,GR2022_L2,2022
K,Ratio adjustment,GR2022_L2,2022
L,Imputed using the Group Median procedure,GR2022_L2,2022
N,Imputed using Nearest Neighbor procedure,GR2022_L2,2022
P,Imputed using Carry Forward procedure,GR2022_L2,2022
R,Reported,GR2022_L2,2022
Z,Implied zero;,GR2022_L2,2022
A,Not applicable,GR2022_PELL_SSL,2022
B,Institution left item blank,GR2022_PELL_SSL,2022
C,Analyst corrected reported value,GR2022_PELL_SSL,2022
D,Do not know,GR2022_PELL_SSL,2022
G,Data generated from other data values,GR2022_PELL_SSL,2022
H,Value not derived - data not usable,GR2022_PELL_SSL,2022
J,Logical imputation,GR2022_PELL_SSL,2022
K,Ratio adjustment,GR2022_PELL_SSL,2022
L,Imputed using the Group Median procedure,GR2022_PELL_SSL,2022
N,Imputed using Nearest Neighbor procedure,GR2022_PELL_SSL,2022
P,Imputed using Carry Forward procedure,GR2022_PELL_SSL,2022
R,Reported,GR2022_PELL_SSL,2022
Z,Implied zero;,GR2022_PELL_SSL,2022
A,Not applicable,IC2022_AY,2022
B,Institution left item blank,IC2022_AY,2022
C,Analyst corrected reported value,IC2022_AY,2022
D,Do not know,IC2022_AY,2022
G,Data generated from other data values,IC2022_AY,2022
H,Value not derived - data not usable,IC2022_AY,2022
J,Logical imputation,IC2022_AY,2022
K,Ratio adjustment,IC2022_AY,2022
L,Imputed using the Group Median procedure,IC2022_AY,2022
N,Imputed using Nearest Neighbor procedure,IC2022_AY,2022
P,Imputed using Carry Forward procedure,IC2022_AY,2022
R,Reported,IC2022_AY,2022
Y,Particular Doctor's professional practice field not applicable,IC2022_AY,2022
Z,Implied zero;,IC2022_AY,2022
A,Not applicable,IC2022_PY,2022
B,Institution left item blank,IC2022_PY,2022
C,Analyst corrected reported value,IC2022_PY,2022
D,Do not know,IC2022_PY,2022
G,Data generated from other data values,IC2022_PY,2022
H,Value not derived - data not usable,IC2022_PY,2022
J,Logical imputation,IC2022_PY,2022
K,Ratio adjustment,IC2022_PY,2022
L,Imputed using the Group Median procedure,IC2022_PY,2022
N,Imputed using Nearest Neighbor procedure,IC2022_PY,2022
P,Imputed using Carry Forward procedure,IC2022_PY,2022
R,Reported,IC2022_PY,2022
Z,Implied zero;,IC2022_PY,2022
A,Not applicable,OM2022,2022
B,Institution left item blank,OM2022,2022
C,Analyst corrected reported value,OM2022,2022
D,Do not know,OM2022,2022
G,Data generated from other data values,OM2022,2022
H,Value not derived - data not usable,OM2022,2022
J,Logical imputation,OM2022,2022
K,Ratio adjustment,OM2022,2022
L,Imputed using the Group Median procedure,OM2022,2022
N,Imputed using Nearest Neighbor procedure,OM2022,2022
P,Imputed using Carry Forward procedure,OM2022,2022
R,Reported,OM2022,2022
Z,Implied zero;,OM2022,2022
A,Not applicable,S2022_NH,2022
B,Institution left item blank,S2022_NH,2022
C,Analyst corrected reported value,S2022_NH,2022
D,Do not know,S2022_NH,2022
G,Data generated from other data values,S2022_NH,2022
H,Value not derived - data not usable,S2022_NH,2022
J,Logical imputation,S2022_NH,2022
K,Ratio adjustment,S2022_NH,2022
L,Imputed using the Group Median procedure,S2022_NH,2022
N,Imputed using Nearest Neighbor procedure,S2022_NH,2022
P,Imputed using Carry Forward procedure,S2022_NH,2022
R,Reported,S2022_NH,2022
Z,Implied zero;,S2022_NH,2022
A,Not applicable,S2022_OC,2022
B,Institution left item blank,S2022_OC,2022
C,Analyst corrected reported value,S2022_OC,2022
D,Do not know,S2022_OC,2022
G,Data generated from other data values,S2022_OC,2022
H,Value not derived - data not usable,S2022_OC,2022
J,Logical imputation,S2022_OC,2022
K,Ratio adjustment,S2022_OC,2022
L,Imputed using the Group Median procedure,S2022_OC,2022
N,Imputed using Nearest Neighbor procedure,S2022_OC,2022
P,Imputed using Carry Forward procedure,S2022_OC,2022
R,Reported,S2022_OC,2022
Z,Implied zero;,S2022_OC,2022
A,Not applicable,S2022_SIS,2022
B,Institution left item blank,S2022_SIS,2022
C,Analyst corrected reported value,S2022_SIS,2022
D,Do not know,S2022_SIS,2022
G,Data generated from other data values,S2022_SIS,2022
H,Value not derived - data not usable,S2022_SIS,2022
J,Logical imputation,S2022_SIS,2022
K,Ratio adjustment,S2022_SIS,2022
L,Imputed using the Group Median procedure,S2022_SIS,2022
N,Imputed using Nearest Neighbor procedure,S2022_SIS,2022
P,Imputed using Carry Forward procedure,S2022_SIS,2022
R,Reported,S2022_SIS,2022
Z,Implied zero;,S2022_SIS,2022
A,Not applicable,SAL2022_IS,2022
B,Institution left item blank,SAL2022_IS,2022
C,Analyst corrected reported value,SAL2022_IS,2022
D,Do not know,SAL2022_IS,2022
G,Data generated from other data values,SAL2022_IS,2022
H,Value not derived - data not usable,SAL2022_IS,2022
J,Logical imputation,SAL2022_IS,2022
K,Ratio adjustment,SAL2022_IS,2022
L,Imputed using the Group Median procedure,SAL2022_IS,2022
N,Imputed using Nearest Neighbor procedure,SAL2022_IS,2022
P,Imputed using Carry Forward procedure,SAL2022_IS,2022
R,Reported,SAL2022_IS,2022
Z,Implied zero;,SAL2022_IS,2022
A,Not applicable,SAL2022_NIS,2022
B,Institution left item blank,SAL2022_NIS,2022
C,Analyst corrected reported value,SAL2022_NIS,2022
D,Do not know,SAL2022_NIS,2022
G,Data generated from other data values,SAL2022_NIS,2022
H,Value not derived - data not usable,SAL2022_NIS,2022
J,Logical imputation,SAL2022_NIS,2022
K,Ratio adjustment,SAL2022_NIS,2022
L,Imputed using the Group Median procedure,SAL2022_NIS,2022
N,Imputed using Nearest Neighbor procedure,SAL2022_NIS,2022
P,Imputed using Carry Forward procedure,SAL2022_NIS,2022
R,Reported,SAL2022_NIS,2022
Z,Implied zero;,SAL2022_NIS,2022
A,Not applicable,SFA2122,2022
B,Institution left item blank,SFA2122,2022
C,Analyst corrected reported value,SFA2122,2022
D,Do not know,SFA2122,2022
G,Data generated from other data values,SFA2122,2022
H,Value not derived - data not usable,SFA2122,2022
J,Logical imputation,SFA2122,2022
K,Ratio adjustment,SFA2122,2022
L,Imputed using the Group Median procedure,SFA2122,2022
N,Imputed using Nearest Neighbor procedure,SFA2122,2022
P,Imputed using Carry Forward procedure,SFA2122,2022
R,Reported,SFA2122,2022
Z,Implied zero;,SFA2122,2022
A,Not applicable,SFA2122,2022
B,Institution left item blank,SFA2122,2022
C,Analyst corrected reported value,SFA2122,2022
D,Do not know,SFA2122,2022
G,Data generated from other data values,SFA2122,2022
H,Value not derived - data not usable,SFA2122,2022
J,Logical imputation,SFA2122,2022
K,Ratio adjustment,SFA2122,2022
L,Imputed using the Group Median procedure,SFA2122,2022
N,Imputed using Nearest Neighbor procedure,SFA2122,2022
P,Imputed using Carry Forward procedure,SFA2122,2022
R,Reported,SFA2122,2022
Z,Implied zero;,SFA2122,2022
A,Not applicable,SFAV2122,2022
B,Institution left item blank,SFAV2122,2022
C,Analyst corrected reported value,SFAV2122,2022
D,Do not know,SFAV2122,2022
G,Data generated from other data values,SFAV2122,2022
H,Value not derived - data not usable,SFAV2122,2022
J,Logical imputation,SFAV2122,2022
K,Ratio adjustment,SFAV2122,2022
L,Imputed using the Group Median procedure,SFAV2122,2022
N,Imputed using Nearest Neighbor procedure,SFAV2122,2022
P,Imputed using Carry Forward procedure,SFAV2122,2022
R,Reported,SFAV2122,2022
Z,Implied zero;,SFAV2122,2022
A,Not applicable,SFAV2122,2022
B,Institution left item blank,SFAV2122,2022
C,Analyst corrected reported value,SFAV2122,2022
D,Do not know,SFAV2122,2022
G,Data generated from other data values,SFAV2122,2022
H,Value not derived - data not usable,SFAV2122,2022
J,Logical imputation,SFAV2122,2022
K,Ratio adjustment,SFAV2122,2022
L,Imputed using the Group Median procedure,SFAV2122,2022
N,Imputed using Nearest Neighbor procedure,SFAV2122,2022
P,Imputed using Carry Forward procedure,SFAV2122,2022
R,Reported,SFAV2122,2022
Z,Implied zero;,SFAV2122,2022
A,Not applicable,ADM2023,2023
B,Institution left item blank,ADM2023,2023
C,Analyst corrected reported value,ADM2023,2023
D,Do not know,ADM2023,2023
G,Data generated from other data values,ADM2023,2023
H,Value not derived - data not usable,ADM2023,2023
J,Logical imputation,ADM2023,2023
K,Ratio adjustment,ADM2023,2023
L,Imputed using the Group Median procedure,ADM2023,2023
N,Imputed using Nearest Neighbor procedure,ADM2023,2023
P,Imputed using Carry Forward procedure,ADM2023,2023
R,Reported,ADM2023,2023
Z,Implied zero;,ADM2023,2023
A,Not applicable,AL2023,2023
B,Institution left item blank,AL2023,2023
C,Analyst corrected reported value,AL2023,2023
D,Do not know,AL2023,2023
G,Data generated from other data values,AL2023,2023
H,Value not derived - data not usable,AL2023,2023
J,Logical imputation,AL2023,2023
K,Ratio adjustment,AL2023,2023
L,Imputed using the Group Median procedure,AL2023,2023
N,Imputed using Nearest Neighbor procedure,AL2023,2023
P,Imputed using Carry Forward procedure,AL2023,2023
R,Reported,AL2023,2023
Z,Implied zero;,AL2023,2023
A,Not applicable,C2023_A,2023
B,Institution left item blank,C2023_A,2023
C,Analyst corrected reported value,C2023_A,2023
D,Do not know,C2023_A,2023
G,Data generated from other data values,C2023_A,2023
H,Value not derived - data not usable,C2023_A,2023
J,Logical imputation,C2023_A,2023
K,Ratio adjustment,C2023_A,2023
L,Imputed using the Group Median procedure,C2023_A,2023
N,Imputed using Nearest Neighbor procedure,C2023_A,2023
P,Imputed using Carry Forward procedure,C2023_A,2023
R,Reported,C2023_A,2023
Z,Implied zero;,C2023_A,2023
A,Not applicable,C2023_C,2023
B,Institution left item blank,C2023_C,2023
C,Analyst corrected reported value,C2023_C,2023
D,Do not know,C2023_C,2023
G,Data generated from other data values,C2023_C,2023
H,Value not derived - data not usable,C2023_C,2023
J,Logical imputation,C2023_C,2023
K,Ratio adjustment,C2023_C,2023
L,Imputed using the Group Median procedure,C2023_C,2023
N,Imputed using Nearest Neighbor procedure,C2023_C,2023
P,Imputed using Carry Forward procedure,C2023_C,2023
R,Reported,C2023_C,2023
Z,Implied zero;,C2023_C,2023
A,Not applicable,EAP2023,2023
B,Institution left item blank,EAP2023,2023
C,Analyst corrected reported value,EAP2023,2023
D,Do not know,EAP2023,2023
G,Data generated from other data values,EAP2023,2023
H,Value not derived - data not usable,EAP2023,2023
J,Logical imputation,EAP2023,2023
K,Ratio adjustment,EAP2023,2023
L,Imputed using the Group Median procedure,EAP2023,2023
N,Imputed using Nearest Neighbor procedure,EAP2023,2023
P,Imputed using Carry Forward procedure,EAP2023,2023
R,Reported,EAP2023,2023
Z,Implied zero;,EAP2023,2023
A,Not applicable,EF2023A,2023
B,Institution left item blank,EF2023A,2023
C,Analyst corrected reported value,EF2023A,2023
D,Do not know,EF2023A,2023
G,Data generated from other data values,EF2023A,2023
H,Value not derived - data not usable,EF2023A,2023
J,Logical imputation,EF2023A,2023
K,Ratio adjustment,EF2023A,2023
L,Imputed using the Group Median procedure,EF2023A,2023
N,Imputed using Nearest Neighbor procedure,EF2023A,2023
P,Imputed using Carry Forward procedure,EF2023A,2023
R,Reported,EF2023A,2023
S,Data suppressed - reported value less than 5,EF2023A,2023
Z,Implied zero;,EF2023A,2023
A,Not applicable,EF2023B,2023
B,Institution left item blank,EF2023B,2023
C,Analyst corrected reported value,EF2023B,2023
D,Do not know,EF2023B,2023
G,Data generated from other data values,EF2023B,2023
H,Value not derived - data not usable,EF2023B,2023
J,Logical imputation,EF2023B,2023
K,Ratio adjustment,EF2023B,2023
L,Imputed using the Group Median procedure,EF2023B,2023
N,Imputed using Nearest Neighbor procedure,EF2023B,2023
P,Imputed using Carry Forward procedure,EF2023B,2023
R,Reported,EF2023B,2023
Z,Implied zero;,EF2023B,2023
A,Not applicable,EF2023C,2023
B,Institution left item blank,EF2023C,2023
C,Analyst corrected reported value,EF2023C,2023
D,Do not know,EF2023C,2023
G,Data generated from other data values,EF2023C,2023
H,Value not derived - data not usable,EF2023C,2023
J,Logical imputation,EF2023C,2023
K,Ratio adjustment,EF2023C,2023
L,Imputed using the Group Median procedure,EF2023C,2023
N,Imputed using Nearest Neighbor procedure,EF2023C,2023
P,Imputed using Carry Forward procedure,EF2023C,2023
R,Reported,EF2023C,2023
Z,Implied zero;,EF2023C,2023
A,Not applicable,EF2023D,2023
B,Institution left item blank,EF2023D,2023
C,Analyst corrected reported value,EF2023D,2023
D,Do not know,EF2023D,2023
G,Data generated from other data values,EF2023D,2023
H,Value not derived - data not usable,EF2023D,2023
J,Logical imputation,EF2023D,2023
K,Ratio adjustment,EF2023D,2023
L,Imputed using the Group Median procedure,EF2023D,2023
N,Imputed using Nearest Neighbor procedure,EF2023D,2023
P,Imputed using Carry Forward procedure,EF2023D,2023
R,Reported,EF2023D,2023
Z,Implied zero;,EF2023D,2023
A,Not applicable,EFFY2023,2023
B,Institution left item blank,EFFY2023,2023
C,Analyst corrected reported value,EFFY2023,2023
D,Do not know,EFFY2023,2023
G,Data generated from other data values,EFFY2023,2023
H,Value not derived - data not usable,EFFY2023,2023
J,Logical imputation,EFFY2023,2023
K,Ratio adjustment,EFFY2023,2023
L,Imputed using the Group Median procedure,EFFY2023,2023
N,Imputed using Nearest Neighbor procedure,EFFY2023,2023
P,Imputed using Carry Forward procedure,EFFY2023,2023
R,Reported,EFFY2023,2023
S,Suppressed - reported value less than 5,EFFY2023,2023
Z,Implied zero;,EFFY2023,2023
A,Not applicable,EFFY2023_DIST,2023
B,Institution left item blank,EFFY2023_DIST,2023
C,Analyst corrected reported value,EFFY2023_DIST,2023
D,Do not know,EFFY2023_DIST,2023
G,Data generated from other data values,EFFY2023_DIST,2023
H,Value not derived - data not usable,EFFY2023_DIST,2023
J,Logical imputation,EFFY2023_DIST,2023
K,Ratio adjustment,EFFY2023_DIST,2023
L,Imputed using the Group Median procedure,EFFY2023_DIST,2023
N,Imputed using Nearest Neighbor procedure,EFFY2023_DIST,2023
P,Imputed using Carry Forward procedure,EFFY2023_DIST,2023
R,Reported,EFFY2023_DIST,2023
Z,Implied zero;,EFFY2023_DIST,2023
A,Not applicable,EFFY2023_HS,2023
B,Institution left item blank,EFFY2023_HS,2023
C,Analyst corrected reported value,EFFY2023_HS,2023
D,Do not know,EFFY2023_HS,2023
G,Data generated from other data values,EFFY2023_HS,2023
H,Value not derived - data not usable,EFFY2023_HS,2023
J,Logical imputation,EFFY2023_HS,2023
K,Ratio adjustment,EFFY2023_HS,2023
L,Imputed using the Group Median procedure,EFFY2023_HS,2023
N,Imputed using Nearest Neighbor procedure,EFFY2023_HS,2023
P,Imputed using Carry Forward procedure,EFFY2023_HS,2023
R,Reported,EFFY2023_HS,2023
Z,Implied zero;,EFFY2023_HS,2023
A,Not applicable,EFIA2023,2023
B,Institution left item blank,EFIA2023,2023
C,Analyst corrected reported value,EFIA2023,2023
D,Do not know,EFIA2023,2023
G,Data generated from other data values,EFIA2023,2023
H,Value not derived - data not usable,EFIA2023,2023
J,Logical imputation,EFIA2023,2023
K,Ratio adjustment,EFIA2023,2023
L,Imputed using the Group Median procedure,EFIA2023,2023
N,Imputed using Nearest Neighbor procedure,EFIA2023,2023
P,Imputed using Carry Forward procedure,EFIA2023,2023
R,Reported,EFIA2023,2023
Z,Implied zero;,EFIA2023,2023
A,Not applicable,F2223_F1A,2023
B,Institution left item blank,F2223_F1A,2023
C,Analyst corrected reported value,F2223_F1A,2023
D,Do not know,F2223_F1A,2023
G,Data generated from other data values,F2223_F1A,2023
H,Value not derived - data not usable,F2223_F1A,2023
J,Logical imputation,F2223_F1A,2023
K,Ratio adjustment,F2223_F1A,2023
L,Imputed using the Group Median procedure,F2223_F1A,2023
N,Imputed using Nearest Neighbor procedure,F2223_F1A,2023
P,Imputed using Carry Forward procedure,F2223_F1A,2023
R,Reported,F2223_F1A,2023
Z,Implied zero;,F2223_F1A,2023
A,Not applicable,F2223_F2,2023
B,Institution left item blank,F2223_F2,2023
C,Analyst corrected reported value,F2223_F2,2023
D,Do not know,F2223_F2,2023
G,Data generated from other data values,F2223_F2,2023
H,Value not derived - data not usable,F2223_F2,2023
J,Logical imputation,F2223_F2,2023
K,Ratio adjustment,F2223_F2,2023
L,Imputed using the Group Median procedure,F2223_F2,2023
N,Imputed using Nearest Neighbor procedure,F2223_F2,2023
P,Imputed using Carry Forward procedure,F2223_F2,2023
R,Reported,F2223_F2,2023
Z,Implied zero;,F2223_F2,2023
A,Not applicable,F2223_F3,2023
B,Institution left item blank,F2223_F3,2023
C,Analyst corrected reported value,F2223_F3,2023
D,Do not know,F2223_F3,2023
G,Data generated from other data values,F2223_F3,2023
H,Value not derived - data not usable,F2223_F3,2023
J,Logical imputation,F2223_F3,2023
K,Ratio adjustment,F2223_F3,2023
L,Imputed using the Group Median procedure,F2223_F3,2023
N,Imputed using Nearest Neighbor procedure,F2223_F3,2023
P,Imputed using Carry Forward procedure,F2223_F3,2023
R,Reported,F2223_F3,2023
Z,Implied zero;,F2223_F3,2023
A,Not applicable,F2223_F1A,2023
B,Institution left item blank,F2223_F1A,2023
C,Analyst corrected reported value,F2223_F1A,2023
D,Do not know,F2223_F1A,2023
G,Data generated from other data values,F2223_F1A,2023
H,Value not derived - data not usable,F2223_F1A,2023
J,Logical imputation,F2223_F1A,2023
K,Ratio adjustment,F2223_F1A,2023
L,Imputed using the Group Median procedure,F2223_F1A,2023
N,Imputed using Nearest Neighbor procedure,F2223_F1A,2023
P,Imputed using Carry Forward procedure,F2223_F1A,2023
R,Reported,F2223_F1A,2023
Z,Implied zero;,F2223_F1A,2023
A,Not applicable,F2223_F2,2023
B,Institution left item blank,F2223_F2,2023
C,Analyst corrected reported value,F2223_F2,2023
D,Do not know,F2223_F2,2023
G,Data generated from other data values,F2223_F2,2023
H,Value not derived - data not usable,F2223_F2,2023
J,Logical imputation,F2223_F2,2023
K,Ratio adjustment,F2223_F2,2023
L,Imputed using the Group Median procedure,F2223_F2,2023
N,Imputed using Nearest Neighbor procedure,F2223_F2,2023
P,Imputed using Carry Forward procedure,F2223_F2,2023
R,Reported,F2223_F2,2023
Z,Implied zero;,F2223_F2,2023
A,Not applicable,F2223_F3,2023
B,Institution left item blank,F2223_F3,2023
C,Analyst corrected reported value,F2223_F3,2023
D,Do not know,F2223_F3,2023
G,Data generated from other data values,F2223_F3,2023
H,Value not derived - data not usable,F2223_F3,2023
J,Logical imputation,F2223_F3,2023
K,Ratio adjustment,F2223_F3,2023
L,Imputed using the Group Median procedure,F2223_F3,2023
N,Imputed using Nearest Neighbor procedure,F2223_F3,2023
P,Imputed using Carry Forward procedure,F2223_F3,2023
R,Reported,F2223_F3,2023
Z,Implied zero;,F2223_F3,2023
A,Not applicable,GR200_23,2023
B,Institution left item blank,GR200_23,2023
C,Analyst corrected reported value,GR200_23,2023
D,Do not know,GR200_23,2023
G,Data generated from other data values,GR200_23,2023
H,Value not derived - data not usable,GR200_23,2023
J,Logical imputation,GR200_23,2023
K,Ratio adjustment,GR200_23,2023
L,Imputed using the Group Median procedure,GR200_23,2023
N,Imputed using Nearest Neighbor procedure,GR200_23,2023
P,Imputed using Carry Forward procedure,GR200_23,2023
R,Reported,GR200_23,2023
Z,Implied zero;,GR200_23,2023
A,Not applicable,GR2023_L2,2023
B,Institution left item blank,GR2023_L2,2023
C,Analyst corrected reported value,GR2023_L2,2023
D,Do not know,GR2023_L2,2023
G,Data generated from other data values,GR2023_L2,2023
H,Value not derived - data not usable,GR2023_L2,2023
J,Logical imputation,GR2023_L2,2023
K,Ratio adjustment,GR2023_L2,2023
L,Imputed using the Group Median procedure,GR2023_L2,2023
N,Imputed using Nearest Neighbor procedure,GR2023_L2,2023
P,Imputed using Carry Forward procedure,GR2023_L2,2023
R,Reported,GR2023_L2,2023
Z,Implied zero;,GR2023_L2,2023
A,Not applicable,GR2023_PELL_SSL,2023
B,Institution left item blank,GR2023_PELL_SSL,2023
C,Analyst corrected reported value,GR2023_PELL_SSL,2023
D,Do not know,GR2023_PELL_SSL,2023
G,Data generated from other data values,GR2023_PELL_SSL,2023
H,Value not derived - data not usable,GR2023_PELL_SSL,2023
J,Logical imputation,GR2023_PELL_SSL,2023
K,Ratio adjustment,GR2023_PELL_SSL,2023
L,Imputed using the Group Median procedure,GR2023_PELL_SSL,2023
N,Imputed using Nearest Neighbor procedure,GR2023_PELL_SSL,2023
P,Imputed using Carry Forward procedure,GR2023_PELL_SSL,2023
R,Reported,GR2023_PELL_SSL,2023
Z,Implied zero;,GR2023_PELL_SSL,2023
A,Not applicable,IC2023_AY,2023
B,Institution left item blank,IC2023_AY,2023
C,Analyst corrected reported value,IC2023_AY,2023
D,Do not know,IC2023_AY,2023
G,Data generated from other data values,IC2023_AY,2023
H,Value not derived - data not usable,IC2023_AY,2023
J,Logical imputation,IC2023_AY,2023
K,Ratio adjustment,IC2023_AY,2023
L,Imputed using the Group Median procedure,IC2023_AY,2023
N,Imputed using Nearest Neighbor procedure,IC2023_AY,2023
P,Imputed using Carry Forward procedure,IC2023_AY,2023
R,Reported,IC2023_AY,2023
Y,Particular Doctor's professional practice field not applicable,IC2023_AY,2023
Z,Implied zero;,IC2023_AY,2023
A,Not applicable,IC2023_PY,2023
B,Institution left item blank,IC2023_PY,2023
C,Analyst corrected reported value,IC2023_PY,2023
D,Do not know,IC2023_PY,2023
G,Data generated from other data values,IC2023_PY,2023
H,Value not derived - data not usable,IC2023_PY,2023
J,Logical imputation,IC2023_PY,2023
K,Ratio adjustment,IC2023_PY,2023
L,Imputed using the Group Median procedure,IC2023_PY,2023
N,Imputed using Nearest Neighbor procedure,IC2023_PY,2023
P,Imputed using Carry Forward procedure,IC2023_PY,2023
R,Reported,IC2023_PY,2023
Z,Implied zero;,IC2023_PY,2023
A,Not applicable,OM2023,2023
B,Institution left item blank,OM2023,2023
C,Analyst corrected reported value,OM2023,2023
D,Do not know,OM2023,2023
G,Data generated from other data values,OM2023,2023
H,Value not derived - data not usable,OM2023,2023
J,Logical imputation,OM2023,2023
K,Ratio adjustment,OM2023,2023
L,Imputed using the Group Median procedure,OM2023,2023
N,Imputed using Nearest Neighbor procedure,OM2023,2023
P,Imputed using Carry Forward procedure,OM2023,2023
R,Reported,OM2023,2023
Z,Implied zero;,OM2023,2023
A,Not applicable,S2023_NH,2023
B,Institution left item blank,S2023_NH,2023
C,Analyst corrected reported value,S2023_NH,2023
D,Do not know,S2023_NH,2023
G,Data generated from other data values,S2023_NH,2023
H,Value not derived - data not usable,S2023_NH,2023
J,Logical imputation,S2023_NH,2023
K,Ratio adjustment,S2023_NH,2023
L,Imputed using the Group Median procedure,S2023_NH,2023
N,Imputed using Nearest Neighbor procedure,S2023_NH,2023
P,Imputed using Carry Forward procedure,S2023_NH,2023
R,Reported,S2023_NH,2023
Z,Implied zero;,S2023_NH,2023
A,Not applicable,S2023_OC,2023
B,Institution left item blank,S2023_OC,2023
C,Analyst corrected reported value,S2023_OC,2023
D,Do not know,S2023_OC,2023
G,Data generated from other data values,S2023_OC,2023
H,Value not derived - data not usable,S2023_OC,2023
J,Logical imputation,S2023_OC,2023
K,Ratio adjustment,S2023_OC,2023
L,Imputed using the Group Median procedure,S2023_OC,2023
N,Imputed using Nearest Neighbor procedure,S2023_OC,2023
P,Imputed using Carry Forward procedure,S2023_OC,2023
R,Reported,S2023_OC,2023
Z,Implied zero;,S2023_OC,2023
A,Not applicable,S2023_SIS,2023
B,Institution left item blank,S2023_SIS,2023
C,Analyst corrected reported value,S2023_SIS,2023
D,Do not know,S2023_SIS,2023
G,Data generated from other data values,S2023_SIS,2023
H,Value not derived - data not usable,S2023_SIS,2023
J,Logical imputation,S2023_SIS,2023
K,Ratio adjustment,S2023_SIS,2023
L,Imputed using the Group Median procedure,S2023_SIS,2023
N,Imputed using Nearest Neighbor procedure,S2023_SIS,2023
P,Imputed using Carry Forward procedure,S2023_SIS,2023
R,Reported,S2023_SIS,2023
Z,Implied zero;,S2023_SIS,2023
A,Not applicable,SAL2023_IS,2023
B,Institution left item blank,SAL2023_IS,2023
C,Analyst corrected reported value,SAL2023_IS,2023
D,Do not know,SAL2023_IS,2023
G,Data generated from other data values,SAL2023_IS,2023
H,Value not derived - data not usable,SAL2023_IS,2023
J,Logical imputation,SAL2023_IS,2023
K,Ratio adjustment,SAL2023_IS,2023
L,Imputed using the Group Median procedure,SAL2023_IS,2023
N,Imputed using Nearest Neighbor procedure,SAL2023_IS,2023
P,Imputed using Carry Forward procedure,SAL2023_IS,2023
R,Reported,SAL2023_IS,2023
Z,Implied zero;,SAL2023_IS,2023
A,Not applicable,SAL2023_NIS,2023
B,Institution left item blank,SAL2023_NIS,2023
C,Analyst corrected reported value,SAL2023_NIS,2023
D,Do not know,SAL2023_NIS,2023
G,Data generated from other data values,SAL2023_NIS,2023
H,Value not derived - data not usable,SAL2023_NIS,2023
J,Logical imputation,SAL2023_NIS,2023
K,Ratio adjustment,SAL2023_NIS,2023
L,Imputed using the Group Median procedure,SAL2023_NIS,2023
N,Imputed using Nearest Neighbor procedure,SAL2023_NIS,2023
P,Imputed using Carry Forward procedure,SAL2023_NIS,2023
R,Reported,SAL2023_NIS,2023
Z,Implied zero;,SAL2023_NIS,2023
A,Not applicable,SFA2223,2023
B,Institution left item blank,SFA2223,2023
C,Analyst corrected reported value,SFA2223,2023
D,Do not know,SFA2223,2023
G,Data generated from other data values,SFA2223,2023
H,Value not derived - data not usable,SFA2223,2023
J,Logical imputation,SFA2223,2023
K,Ratio adjustment,SFA2223,2023
L,Imputed using the Group Median procedure,SFA2223,2023
N,Imputed using Nearest Neighbor procedure,SFA2223,2023
P,Imputed using Carry Forward procedure,SFA2223,2023
R,Reported,SFA2223,2023
Z,Implied zero;,SFA2223,2023
A,Not applicable,SFA2223,2023
B,Institution left item blank,SFA2223,2023
C,Analyst corrected reported value,SFA2223,2023
D,Do not know,SFA2223,2023
G,Data generated from other data values,SFA2223,2023
H,Value not derived - data not usable,SFA2223,2023
J,Logical imputation,SFA2223,2023
K,Ratio adjustment,SFA2223,2023
L,Imputed using the Group Median procedure,SFA2223,2023
N,Imputed using Nearest Neighbor procedure,SFA2223,2023
P,Imputed using Carry Forward procedure,SFA2223,2023
R,Reported,SFA2223,2023
Z,Implied zero;,SFA2223,2023
A,Not applicable,SFAV2223,2023
B,Institution left item blank,SFAV2223,2023
C,Analyst corrected reported value,SFAV2223,2023
D,Do not know,SFAV2223,2023
G,Data generated from other data values,SFAV2223,2023
H,Value not derived - data not usable,SFAV2223,2023
J,Logical imputation,SFAV2223,2023
K,Ratio adjustment,SFAV2223,2023
L,Imputed using the Group Median procedure,SFAV2223,2023
N,Imputed using Nearest Neighbor procedure,SFAV2223,2023
P,Imputed using Carry Forward procedure,SFAV2223,2023
R,Reported,SFAV2223,2023
Z,Implied zero;,SFAV2223,2023
A,Not applicable,SFAV2223,2023
B,Institution left item blank,SFAV2223,2023
C,Analyst corrected reported value,SFAV2223,2023
D,Do not know,SFAV2223,2023
G,Data generated from other data values,SFAV2223,2023
H,Value not derived - data not usable,SFAV2223,2023
J,Logical imputation,SFAV2223,2023
K,Ratio adjustment,SFAV2223,2023
L,Imputed using the Group Median procedure,SFAV2223,2023
N,Imputed using Nearest Neighbor procedure,SFAV2223,2023
P,Imputed using Carry Forward procedure,SFAV2223,2023
R,Reported,SFAV2223,2023
Z,Implied zero;,SFAV2223,2023
